-- MySQL dump 10.13  Distrib 8.0.19, for Win64 (x86_64)
--
-- Host: localhost    Database: evaluation
-- ------------------------------------------------------
-- Server version	8.0.19

/*!40101 SET @OLD_CHARACTER_SET_CLIENT=@@CHARACTER_SET_CLIENT */;
/*!40101 SET @OLD_CHARACTER_SET_RESULTS=@@CHARACTER_SET_RESULTS */;
/*!40101 SET @OLD_COLLATION_CONNECTION=@@COLLATION_CONNECTION */;
/*!50503 SET NAMES utf8mb4 */;
/*!40103 SET @OLD_TIME_ZONE=@@TIME_ZONE */;
/*!40103 SET TIME_ZONE='+00:00' */;
/*!40014 SET @OLD_UNIQUE_CHECKS=@@UNIQUE_CHECKS, UNIQUE_CHECKS=0 */;
/*!40014 SET @OLD_FOREIGN_KEY_CHECKS=@@FOREIGN_KEY_CHECKS, FOREIGN_KEY_CHECKS=0 */;
/*!40101 SET @OLD_SQL_MODE=@@SQL_MODE, SQL_MODE='NO_AUTO_VALUE_ON_ZERO' */;
/*!40111 SET @OLD_SQL_NOTES=@@SQL_NOTES, SQL_NOTES=0 */;

--
-- Table structure for table `choix`
--

DROP TABLE IF EXISTS `choix`;
/*!40101 SET @saved_cs_client     = @@character_set_client */;
/*!50503 SET character_set_client = utf8mb4 */;
CREATE TABLE `choix` (
  `id` int NOT NULL AUTO_INCREMENT,
  `libelle` varchar(250) NOT NULL,
  `question_id` int NOT NULL,
  PRIMARY KEY (`id`),
  KEY `choix_question_id_fk` (`question_id`),
  CONSTRAINT `choix_question_id_fk` FOREIGN KEY (`question_id`) REFERENCES `question` (`id`) ON DELETE CASCADE ON UPDATE CASCADE
) ENGINE=InnoDB AUTO_INCREMENT=20 DEFAULT CHARSET=utf8mb4 COLLATE=utf8mb4_0900_ai_ci;
/*!40101 SET character_set_client = @saved_cs_client */;

--
-- Dumping data for table `choix`
--

LOCK TABLES `choix` WRITE;
/*!40000 ALTER TABLE `choix` DISABLE KEYS */;
INSERT INTO `choix` VALUES (1,'AEC',14),(2,'ATN',14),(3,'CDA',14),(4,'Community Manager (certifiant)',14),(5,'DATA Analyst',14),(6,'DWEB',14),(7,'DWWM',14),(8,'PAO',14),(9,'RefugNum',14),(10,'TAI',14),(11,'TSSR',14),(12,'autre',14),(13,'Vous êtes inscrit au pôle emploi',151),(14,'Vous êtes salarié(e)',151),(15,'Ni l\'un ni l\'autre',151),(16,'reprise d\'emploi en cours de formation',153),(17,'reprise d\'emploi à l\'issue de la formaiton',153),(18,'reprise d\'emploi avec date prévisionnelle',153),(19,'demandeur d\'emploi',153);
/*!40000 ALTER TABLE `choix` ENABLE KEYS */;
UNLOCK TABLES;

--
-- Table structure for table `page`
--

DROP TABLE IF EXISTS `page`;
/*!40101 SET @saved_cs_client     = @@character_set_client */;
/*!50503 SET character_set_client = utf8mb4 */;
CREATE TABLE `page` (
  `id` int NOT NULL AUTO_INCREMENT,
  `ordre` int NOT NULL,
  `titre` varchar(250) DEFAULT NULL,
  PRIMARY KEY (`id`),
  UNIQUE KEY `table_name_ordre_uindex` (`ordre`)
) ENGINE=InnoDB AUTO_INCREMENT=21 DEFAULT CHARSET=utf8mb4 COLLATE=utf8mb4_0900_ai_ci;
/*!40101 SET character_set_client = @saved_cs_client */;

--
-- Dumping data for table `page`
--

LOCK TABLES `page` WRITE;
/*!40000 ALTER TABLE `page` DISABLE KEYS */;
INSERT INTO `page` VALUES (1,1,'Identité'),(2,2,'Accompagnement administratif'),(3,3,'Accompagnement pédagogique'),(4,4,'Formation'),(5,5,'AEC'),(6,6,'ATN'),(7,7,'CDA'),(8,8,'Community Manager (certifiant)'),(9,9,'DATA Analyst'),(10,10,'DWEB'),(11,11,'DWWM'),(12,12,'PAO'),(13,13,'RefugNum'),(14,14,'TAI'),(15,15,'TSSR'),(16,16,'Lien avec l\'entreprise'),(17,17,'Et demain'),(18,18,'Pôle emploi'),(19,19,'Reprise d\'emploi'),(20,20,'Et pour conclure');
/*!40000 ALTER TABLE `page` ENABLE KEYS */;
UNLOCK TABLES;

--
-- Table structure for table `page_condition`
--

DROP TABLE IF EXISTS `page_condition`;
/*!40101 SET @saved_cs_client     = @@character_set_client */;
/*!50503 SET character_set_client = utf8mb4 */;
CREATE TABLE `page_condition` (
  `id` int NOT NULL AUTO_INCREMENT,
  `page_id` int NOT NULL,
  `question_id` int NOT NULL,
  `relation` varchar(20) NOT NULL,
  `choix_id` int NOT NULL,
  PRIMARY KEY (`id`),
  KEY `page_condition_choix_id_fk` (`choix_id`),
  KEY `page_condition_page_id_fk` (`page_id`),
  KEY `page_condition_question_id_fk` (`question_id`),
  CONSTRAINT `page_condition_choix_id_fk` FOREIGN KEY (`choix_id`) REFERENCES `choix` (`id`) ON UPDATE CASCADE,
  CONSTRAINT `page_condition_page_id_fk` FOREIGN KEY (`page_id`) REFERENCES `page` (`id`) ON UPDATE CASCADE,
  CONSTRAINT `page_condition_question_id_fk` FOREIGN KEY (`question_id`) REFERENCES `question` (`id`) ON UPDATE CASCADE
) ENGINE=InnoDB AUTO_INCREMENT=14 DEFAULT CHARSET=utf8mb4 COLLATE=utf8mb4_0900_ai_ci;
/*!40101 SET character_set_client = @saved_cs_client */;

--
-- Dumping data for table `page_condition`
--

LOCK TABLES `page_condition` WRITE;
/*!40000 ALTER TABLE `page_condition` DISABLE KEYS */;
INSERT INTO `page_condition` VALUES (1,5,14,'EQUAL',1),(2,6,14,'EQUAL',2),(3,7,14,'EQUAL',3),(4,8,14,'EQUAL',4),(5,9,14,'EQUAL',5),(6,10,14,'EQUAL',6),(7,11,14,'EQUAL',7),(8,12,14,'EQUAL',8),(9,13,14,'EQUAL',9),(10,14,14,'EQUAL',10),(11,15,14,'EQUAL',11),(12,18,151,'EQUAL',13),(13,19,153,'DIFFERENT',19);
/*!40000 ALTER TABLE `page_condition` ENABLE KEYS */;
UNLOCK TABLES;

--
-- Table structure for table `question`
--

DROP TABLE IF EXISTS `question`;
/*!40101 SET @saved_cs_client     = @@character_set_client */;
/*!50503 SET character_set_client = utf8mb4 */;
CREATE TABLE `question` (
  `id` int NOT NULL AUTO_INCREMENT,
  `libelle` varchar(250) DEFAULT NULL,
  `type` varchar(20) NOT NULL,
  `placeholder` varchar(250) DEFAULT NULL,
  `obligatoire` tinyint DEFAULT '0',
  `page_id` int NOT NULL,
  PRIMARY KEY (`id`),
  KEY `question_page_id_fk` (`page_id`),
  CONSTRAINT `question_page_id_fk` FOREIGN KEY (`page_id`) REFERENCES `page` (`id`) ON DELETE CASCADE ON UPDATE CASCADE
) ENGINE=InnoDB AUTO_INCREMENT=158 DEFAULT CHARSET=utf8mb4 COLLATE=utf8mb4_0900_ai_ci;
/*!40101 SET character_set_client = @saved_cs_client */;

--
-- Dumping data for table `question`
--

LOCK TABLES `question` WRITE;
/*!40000 ALTER TABLE `question` DISABLE KEYS */;
INSERT INTO `question` VALUES (1,'Adresse e-mail','texte_court','Votre adresse e-mail',1,1),(2,'Nom','texte_court',NULL,1,1),(3,'Prénom','texte_court',NULL,1,1),(4,'Votre parcours administratif et le suivi de votre dossier ont été','score',NULL,1,2),(5,'Les renseignements fournis sur la formation ont été','score',NULL,1,2),(6,'Commentaires','texte_long',NULL,0,2),(7,'La qualité pédagogique générale de la formation vous a semblé','score',NULL,1,3),(8,'L\'attention portée à votre progression et à vos difficultés par les formateurs vous a semblé','score',NULL,1,3),(9,'La qualité de l\'organisation vous a semblé','score',NULL,1,3),(10,'La qualité des supports de formation vous a semblé','score',NULL,1,3),(11,'Le matériel pédagogique vous a t-il semblé adapté à vos besoins','score',NULL,1,3),(12,'La qualité du réseau vous a t-il semblé adapté à vos besoins','score',NULL,1,3),(13,'Commentaires','texte_long',NULL,0,3),(14,'Vous avez terminé une formation de','choix_unique',NULL,1,4),(15,'Autre : Intitulé de votre formation','texte_court',NULL,0,4),(16,'Animation de la politique de commercialisation en ligne \"Webmarketing\"','score',NULL,1,5),(17,'Animation des communautés et des ventes en ligne','score',NULL,1,5),(18,'Optimisation du référencement du site e-commerce','score',NULL,1,5),(19,'Rédaction et production de contenus pour le web','score',NULL,1,5),(20,'Pilotage de projet e-commerce','score',NULL,1,5),(21,'Préparation soutenance / certification','score',NULL,1,5),(22,'Commentaire','texte_long',NULL,0,5),(23,'Accompagnement de votre projet professionnel','score',NULL,1,6),(24,'Découverte des métiers de la maintenance Informatique et réseaux','score',NULL,1,6),(25,'Découverte des métiers de Webdesigner','score',NULL,1,6),(26,'Découverte des métiers de Développeur','score',NULL,1,6),(27,'Compréhension des entreprises','score',NULL,1,6),(28,'Commentaire','texte_long',NULL,0,6),(29,'AT1 : Concevoir et développer des composants d\'interface utilisateur en intégrant les recommandations de sécurité','libelle',NULL,NULL,7),(30,'C1 : Maquetter une application','score',NULL,1,7),(31,'C2 : Développer une interface utilisateur de type desktop','score',NULL,1,7),(32,'C3 : Développer des composants daccès aux données','score',NULL,1,7),(33,'C4 : Développer la partie front-end dune interface utilisateur web','score',NULL,1,7),(34,'C5 : Développer la partie back-end dune interface utilisateur web','score',NULL,1,7),(35,'AT2 : Concevoir et développer la persistance des données en intégrant les recommandations de sécurité','libelle',NULL,NULL,7),(36,'C6 : Concevoir une base de données','score',NULL,1,7),(37,'C7 : Mettre en place une base de données','score',NULL,1,7),(38,'C8 : Développer des composants dans le langage dune base de données','score',NULL,1,7),(39,'AT3 : Concevoir et développer une application multicouche répartie en intégrant les recommandations de sécurité','libelle',NULL,NULL,7),(40,'C9 : Collaborer à la gestion dun projet informatique et à lorganisation de lenvironnement de développement','score',NULL,1,7),(41,'C10 : Concevoir une application','score',NULL,1,7),(42,'C11 : Développer des composants métier','score',NULL,1,7),(43,'C12 : Construire une application organisée en couches','score',NULL,1,7),(44,'C13 : Développer une application mobile','score',NULL,1,7),(45,'C14 : Préparer et exécuter les plans de tests dune application','score',NULL,1,7),(46,'C15 : Préparer et exécuter le déploiement dune application','score',NULL,1,7),(47,'Compétences transversales de lemploi','score',NULL,1,7),(48,'Utiliser l\'anglais dans son activité professionnelle en conception et développement d\'applications','score',NULL,1,7),(49,'Actualiser et partager ses compétences en conception et développement d\'applications','score',NULL,1,7),(50,'Préparation à la certification','score',NULL,1,7),(51,'Commentaire','texte_long',NULL,0,7),(52,'AT 3 : Collaborer à la valorisation numérique d\'un territoire, d\'une entreprise, ou d\'un projet','libelle',NULL,NULL,8),(53,'C8 : Mesurer la présence numérique dun territoire, dune entreprise ou dun projet','score',NULL,1,8),(54,'C9 : Développer et valoriser la présence numérique, dun territoire, dune entreprise ou dun projet','score',NULL,1,8),(55,'C10 : Favoriser la réputation et/ou la cohésion au sein dune communauté numérique','score',NULL,1,8),(56,'C11 : Produire et diffuser des savoirs et des données dun territoire, dune entreprise ou dun projet','score',NULL,1,8),(57,'Préparation à la certification','score',NULL,1,8),(58,'Commentaire','texte_long',NULL,0,8),(59,'1. Gestion de projet (méthode agile, carte mentale, G Suite, Trello)','score',NULL,1,9),(60,'2. Nettoyage de données (OpenRefine, Python)','score',NULL,1,9),(61,'3. Visualisation de données (Javascript, Python (PlotLy), QlikView, Tableau, ...)','score',NULL,1,9),(62,'4. Analyse d\'un cahier des charges (méthode classique - GANTT, Trello, carte mentale, G Suite)','score',NULL,1,9),(63,'5. Veille (librairies Python)','score',NULL,1,9),(64,'6. Statistiques et analyse de données (Python : Numpy, Pandas ; R)','score',NULL,1,9),(65,'7. Structuration de données (base de données : SQL)','score',NULL,1,9),(66,'8. Initiation au big data (Talend)','score',NULL,1,9),(67,'9. Préparation à la certification','score',NULL,1,9),(68,'Commentaire','texte_long',NULL,0,9),(69,'Bac à sable infographie','score',NULL,1,10),(70,'Code Camp, les fondamentaux de lintégration web','score',NULL,1,10),(71,'Design Camp : des fondamentaux du design web au design appliqué à un projet réel','score',NULL,1,10),(72,'Intégration statique du projet client','score',NULL,1,10),(73,'WordPress Camp, lintégration au cur dun CMS','score',NULL,1,10),(74,'Préparation à la certification','score',NULL,1,10),(75,'Commentaire','texte_long',NULL,0,10),(76,'AT1 : Développer la partie front-end dune application web ou web mobile en intégrant les recommandations de sécurité','libelle',NULL,NULL,11),(77,'C1 : Maquetter une application','score',NULL,1,11),(78,'C2 : Réaliser une interface utilisateur web statique et adaptable','score',NULL,1,11),(79,'C3 : Développer une interface utilisateur web dynamique','score',NULL,1,11),(80,'C4 : Réaliser une interface utilisateur avec une solution de gestion de contenu ou e-commerce','score',NULL,1,11),(81,'AT2 : Développer la partie back-end dune application web ou web mobile en intégrant les recommandations de sécurité','libelle',NULL,NULL,11),(82,'C5 : Créer une base de données','score',NULL,1,11),(83,'C6 : Développer les composants daccès aux données','score',NULL,1,11),(84,'C7 : Développer la partie back-end dune application web ou web mobile','score',NULL,1,11),(85,'C8 : Élaborer et mettre en oeuvre des composants dans une application de gestion de contenu ou e-commerce','score',NULL,1,11),(86,'Préparation à la certification','score',NULL,1,11),(87,'Commentaire','texte_long',NULL,0,11),(88,'Module Photoshop','score',NULL,1,12),(89,'Module Illustrator','score',NULL,1,12),(90,'Module Indesign','score',NULL,1,12),(91,'Module CMS (créer et gérer un site web)','score',NULL,1,12),(92,'Module After Effect','score',NULL,1,12),(93,'Préparation à la certification','score',NULL,1,12),(94,'Commentaire','texte_long',NULL,0,12),(95,'Pratique du Français','libelle',NULL,NULL,13),(96,'J\'évalue ma progression en français à lécrit','score',NULL,1,13),(97,'J\'évalue ma progression en français à loral','score',NULL,1,13),(98,'Découverte des métiers du numériques','libelle',NULL,NULL,13),(99,'Découverte du métier technicien d\'assistance informatique','score',NULL,1,13),(100,'Découverte du métier de technicien supérieur systèmes et réseaux','score',NULL,1,13),(101,'Découverte du métier de Web Designer','score',NULL,1,13),(102,'Découverte du métier de Développeur web','score',NULL,1,13),(103,'Code des entreprises','libelle',NULL,NULL,13),(104,'Accompagnement à l\'emploi','score',NULL,1,13),(105,'Comprendre une entreprise','score',NULL,1,13),(106,'Commentaire','texte_long',NULL,0,13),(107,'AT1 : Mettre en service des équipements numériques','libelle',NULL,NULL,14),(108,'C1 : Installer un système ou déployer un master dans un poste client','score',NULL,1,14),(109,'C2 : Intervenir sur les composants matériels dun équipement numérique','score',NULL,1,14),(110,'C3 : Mettre à jour, configurer et personnaliser un équipement numérique','score',NULL,1,14),(111,'C4 : Contribuer à la sécurité d\'un équipement numérique et ses données','score',NULL,1,14),(112,'AT2 : Intervenir sur les éléments de linfrastructure','libelle',NULL,NULL,14),(113,'C5 : Intervenir sur un équipement réseau','score',NULL,1,14),(114,'C6 : Intervenir sur un annuaire réseau de type Active Directory','score',NULL,1,14),(115,'C7 : Installer et configurer un service réseau pour une TPE ou un particulier','score',NULL,1,14),(116,'AT3 : Assister ou dépanner les clients ou les utilisateurs','libelle',NULL,NULL,14),(117,'C8 : Apporter un support technique dans un contexte commercial','score',NULL,1,14),(118,'C9 : Traiter un incident dans un centre de services et assurer le suivi du parc','score',NULL,1,14),(119,'C10 : Assister les utilisateurs en environnement bureautique ou sur leurs équipements numériques','score',NULL,1,14),(120,'C11 : Diagnostiquer et résoudre un dysfonctionnement numérique','score',NULL,1,14),(121,'Préparation à la certification','score',NULL,1,14),(122,'Commentaire','texte_long',NULL,0,14),(123,'AT1 : Assister les utilisateurs en centre de services','libelle',NULL,NULL,15),(124,'C1 : Mettre en service un équipement numérique','score',NULL,1,15),(125,'C2 : Assister les utilisateurs sur leurs équipements numériques','score',NULL,1,15),(126,'C3 : Gérer les incidents et les problèmes','score',NULL,1,15),(127,'C4 : Assister à l\'utilisation des ressources collaboratives','score',NULL,1,15),(128,'AT2 : Maintenir, exploiter et sécuriser une infrastructure centralisée','libelle',NULL,NULL,15),(129,'C5 : Maintenir et exploiter le réseau local et la téléphonie','score',NULL,1,15),(130,'C6 : Sécuriser les accès à Internet','score',NULL,1,15),(131,'C7 : Maintenir et exploiter un environnement virtualisé','score',NULL,1,15),(132,'C8 : Maintenir et exploiter un domaine Active Directory et les serveurs Windows','score',NULL,1,15),(133,'C9 : Maintenir et exploiter un serveur Linux','score',NULL,1,15),(134,'AT3 : Maintenir et exploiter une infrastructure distribuée et contribuer à sa sécurisation','libelle',NULL,NULL,15),(135,'C10 : Configurer les services de déploiement et de terminaux clients légers','score',NULL,1,15),(136,'C11 : Automatiser les tâches à l\'aide de scripts','score',NULL,1,15),(137,'C12 : Maintenir et sécuriser les accès réseaux distants','score',NULL,1,15),(138,'C13 : Superviser l\'infrastructure','score',NULL,1,15),(139,'C14 : Intervenir dans un environnement de Cloud Computing','score',NULL,1,15),(140,'C15 : Assurer sa veille technologique','score',NULL,1,15),(141,'Préparation à la certification','score',NULL,1,15),(142,'Commentaire','texte_long',NULL,0,15),(143,'Accompagnement pour trouver une entreprise d\'accueil','score',NULL,1,16),(144,'Rythme de l\'alternance','score',NULL,1,16),(145,'Cohérence entre les compétences abordées en formation et réalisées en entreprise','score',NULL,1,16),(146,'Suivi en entreprise par Cefim','score',NULL,1,16),(147,'Accompagnement à l\'emploi','score',NULL,1,16),(148,'Rencontre avec les entreprises','score',NULL,1,16),(149,'commentaire','texte_long',NULL,0,16),(150,'Penser vous avoir acquis suffisamment de compétences pour le transposer dans votre entreprise (actuelle ou futur) ?','score',NULL,1,17),(151,'Choix','choix_unique',NULL,1,17),(152,'Votre numéro de DE est','texte_court',NULL,1,18),(153,'à la sortie de cette formation vous serez en','choix_unique',NULL,1,18),(154,'date prévisionnelle de votre reprise d\'emploi','date',NULL,1,19),(155,'Avez-vous des suggestions à apporter ?','texte_long',NULL,0,20),(156,'Désirez-vous suivre une autre formation ?','texte_long',NULL,0,20),(157,'Autres remarques','texte_long',NULL,0,20);
/*!40000 ALTER TABLE `question` ENABLE KEYS */;
UNLOCK TABLES;

--
-- Table structure for table `reponse`
--

DROP TABLE IF EXISTS `reponse`;
/*!40101 SET @saved_cs_client     = @@character_set_client */;
/*!50503 SET character_set_client = utf8mb4 */;
CREATE TABLE `reponse` (
  `id` int NOT NULL AUTO_INCREMENT,
  `session_id` int NOT NULL,
  `question_id` int NOT NULL,
  `choix_id` int DEFAULT NULL,
  `texte` varchar(250) DEFAULT NULL,
  `date` datetime DEFAULT NULL,
  `score` int DEFAULT NULL,
  PRIMARY KEY (`id`),
  KEY `reponse_session_id_fk` (`session_id`),
  CONSTRAINT `reponse_session_id_fk` FOREIGN KEY (`session_id`) REFERENCES `session` (`id`)
) ENGINE=InnoDB AUTO_INCREMENT=1434 DEFAULT CHARSET=utf8mb4 COLLATE=utf8mb4_0900_ai_ci;
/*!40101 SET character_set_client = @saved_cs_client */;

--
-- Dumping data for table `reponse`
--

LOCK TABLES `reponse` WRITE;
/*!40000 ALTER TABLE `reponse` DISABLE KEYS */;
INSERT INTO `reponse` VALUES (4,2,1,NULL,'mfdldkfg@dfgdfg',NULL,NULL),(5,2,2,NULL,'Joeffrey',NULL,NULL),(6,2,3,NULL,'Joeffrey',NULL,NULL),(7,2,4,NULL,NULL,NULL,4),(8,2,5,NULL,NULL,NULL,4),(9,2,6,NULL,'Formatio nau top, surtout celel avec le champagnedqd',NULL,NULL),(10,2,7,NULL,NULL,NULL,4),(11,2,8,NULL,NULL,NULL,3),(12,2,9,NULL,NULL,NULL,4),(13,2,10,NULL,NULL,NULL,2),(14,2,11,NULL,NULL,NULL,3),(15,2,12,NULL,NULL,NULL,4),(16,2,13,NULL,'Youpiiii',NULL,NULL),(17,2,14,1,NULL,NULL,NULL),(18,2,16,NULL,NULL,NULL,4),(19,2,17,NULL,NULL,NULL,1),(20,2,18,NULL,NULL,NULL,3),(21,2,19,NULL,NULL,NULL,2),(22,2,20,NULL,NULL,NULL,4),(23,2,21,NULL,NULL,NULL,4),(24,2,22,NULL,'C\'est quoi AEC ?',NULL,NULL),(25,2,143,NULL,NULL,NULL,4),(26,2,144,NULL,NULL,NULL,4),(27,2,145,NULL,NULL,NULL,3),(28,2,146,NULL,NULL,NULL,3),(29,2,147,NULL,NULL,NULL,2),(30,2,148,NULL,NULL,NULL,2),(31,2,150,NULL,NULL,NULL,4),(32,2,151,14,NULL,NULL,NULL),(33,2,154,NULL,NULL,'2020-01-03 00:00:00',NULL),(34,3,1,NULL,'fgdfg',NULL,NULL),(35,3,2,NULL,'dfgdfg',NULL,NULL),(36,3,3,NULL,'drtdrt',NULL,NULL),(37,3,4,NULL,NULL,NULL,4),(38,3,5,NULL,NULL,NULL,3),(39,3,6,NULL,'trrtyrty\nfghfghfgh\nfghfgh',NULL,NULL),(40,3,7,NULL,NULL,NULL,4),(41,3,8,NULL,NULL,NULL,3),(42,3,9,NULL,NULL,NULL,3),(43,3,10,NULL,NULL,NULL,4),(44,3,11,NULL,NULL,NULL,3),(45,3,12,NULL,NULL,NULL,4),(46,3,13,NULL,'trytryrty',NULL,NULL),(47,3,14,5,NULL,NULL,NULL),(48,3,59,NULL,NULL,NULL,4),(49,3,60,NULL,NULL,NULL,3),(50,3,61,NULL,NULL,NULL,4),(51,3,62,NULL,NULL,NULL,2),(52,3,63,NULL,NULL,NULL,3),(53,3,64,NULL,NULL,NULL,4),(54,3,65,NULL,NULL,NULL,4),(55,3,66,NULL,NULL,NULL,3),(56,3,67,NULL,NULL,NULL,4),(57,3,68,NULL,'tryrtyrty',NULL,NULL),(58,3,143,NULL,NULL,NULL,4),(59,3,144,NULL,NULL,NULL,3),(60,3,145,NULL,NULL,NULL,4),(61,3,146,NULL,NULL,NULL,4),(62,3,147,NULL,NULL,NULL,4),(63,3,148,NULL,NULL,NULL,3),(64,3,150,NULL,NULL,NULL,3),(65,3,151,13,NULL,NULL,NULL),(66,3,152,NULL,'bn,kbkb,;',NULL,NULL),(67,3,153,16,NULL,NULL,NULL),(68,3,154,NULL,NULL,'2020-01-08 00:00:00',NULL),(69,4,1,NULL,'hyhyhy',NULL,NULL),(70,4,2,NULL,'kikou',NULL,NULL),(71,4,3,NULL,'jadghetj',NULL,NULL),(72,4,4,NULL,NULL,NULL,3),(73,4,5,NULL,NULL,NULL,1),(74,4,6,NULL,'fgergre',NULL,NULL),(75,4,7,NULL,NULL,NULL,3),(76,4,8,NULL,NULL,NULL,2),(77,4,9,NULL,NULL,NULL,4),(78,4,10,NULL,NULL,NULL,1),(79,4,11,NULL,NULL,NULL,1),(80,4,12,NULL,NULL,NULL,3),(81,4,13,NULL,'rfrzgr',NULL,NULL),(82,4,14,1,NULL,NULL,NULL),(83,4,16,NULL,NULL,NULL,4),(84,4,17,NULL,NULL,NULL,2),(85,4,18,NULL,NULL,NULL,3),(86,4,19,NULL,NULL,NULL,2),(87,4,20,NULL,NULL,NULL,3),(88,4,21,NULL,NULL,NULL,1),(89,4,22,NULL,'grgre',NULL,NULL),(90,4,143,NULL,NULL,NULL,1),(91,4,144,NULL,NULL,NULL,3),(92,4,145,NULL,NULL,NULL,2),(93,4,146,NULL,NULL,NULL,1),(94,4,147,NULL,NULL,NULL,4),(95,4,148,NULL,NULL,NULL,2),(96,4,149,NULL,'dfdezfez',NULL,NULL),(97,4,150,NULL,NULL,NULL,3),(98,4,151,14,NULL,NULL,NULL),(99,4,154,NULL,NULL,'2020-08-13 00:00:00',NULL),(100,5,1,NULL,'fezfzeg',NULL,NULL),(101,5,2,NULL,'ezGFR3HYTJ',NULL,NULL),(102,5,3,NULL,'AZEZADSFRE',NULL,NULL),(103,5,4,NULL,NULL,NULL,1),(104,5,5,NULL,NULL,NULL,2),(105,5,6,NULL,'EFEZgEZRG',NULL,NULL),(106,5,7,NULL,NULL,NULL,4),(107,5,8,NULL,NULL,NULL,1),(108,5,9,NULL,NULL,NULL,2),(109,5,10,NULL,NULL,NULL,3),(110,5,11,NULL,NULL,NULL,1),(111,5,12,NULL,NULL,NULL,3),(112,5,13,NULL,'GERGVREQGERFBRTHY',NULL,NULL),(113,5,14,2,NULL,NULL,NULL),(114,5,23,NULL,NULL,NULL,1),(115,5,24,NULL,NULL,NULL,1),(116,5,25,NULL,NULL,NULL,2),(117,5,26,NULL,NULL,NULL,1),(118,5,27,NULL,NULL,NULL,3),(119,5,28,NULL,'DDEGREGRG',NULL,NULL),(120,5,143,NULL,NULL,NULL,1),(121,5,144,NULL,NULL,NULL,2),(122,5,145,NULL,NULL,NULL,2),(123,5,146,NULL,NULL,NULL,1),(124,5,147,NULL,NULL,NULL,2),(125,5,148,NULL,NULL,NULL,3),(126,5,149,NULL,'FVERQGREBGVERFV',NULL,NULL),(127,5,150,NULL,NULL,NULL,3),(128,5,151,14,NULL,NULL,NULL),(129,5,154,NULL,NULL,'2020-09-10 00:00:00',NULL),(130,6,1,NULL,'FVERGEZEFDQHGSRT',NULL,NULL),(131,6,2,NULL,'sdfj,vkek,ke',NULL,NULL),(132,6,3,NULL,'keldkvnkndkfkj',NULL,NULL),(133,6,4,NULL,NULL,NULL,4),(134,6,5,NULL,NULL,NULL,4),(135,6,6,NULL,'jhjkhkjbjgou',NULL,NULL),(136,6,7,NULL,NULL,NULL,3),(137,6,8,NULL,NULL,NULL,3),(138,6,9,NULL,NULL,NULL,4),(139,6,10,NULL,NULL,NULL,1),(140,6,11,NULL,NULL,NULL,2),(141,6,12,NULL,NULL,NULL,3),(142,6,13,NULL,'jhjgulgougjgjlh',NULL,NULL),(143,6,14,1,NULL,NULL,NULL),(144,6,16,NULL,NULL,NULL,4),(145,6,17,NULL,NULL,NULL,4),(146,6,18,NULL,NULL,NULL,3),(147,6,19,NULL,NULL,NULL,3),(148,6,20,NULL,NULL,NULL,3),(149,6,21,NULL,NULL,NULL,4),(150,6,22,NULL,'hhjgyjguygvbn',NULL,NULL),(151,6,143,NULL,NULL,NULL,4),(152,6,144,NULL,NULL,NULL,3),(153,6,145,NULL,NULL,NULL,4),(154,6,146,NULL,NULL,NULL,3),(155,6,147,NULL,NULL,NULL,3),(156,6,148,NULL,NULL,NULL,3),(157,6,149,NULL,'hfkhfkhfkyfi',NULL,NULL),(158,6,150,NULL,NULL,NULL,4),(159,6,151,13,NULL,NULL,NULL),(160,6,152,NULL,'bnbljhgouhljkl',NULL,NULL),(161,6,153,19,NULL,NULL,NULL),(162,7,1,NULL,'jean-luc-reichman@toto.cz',NULL,NULL),(163,7,2,NULL,'reichman',NULL,NULL),(164,7,3,NULL,'jean-luc',NULL,NULL),(165,7,4,NULL,NULL,NULL,1),(166,7,5,NULL,NULL,NULL,2),(167,7,6,NULL,'rtyrtyrtyrtyyrty',NULL,NULL),(168,7,7,NULL,NULL,NULL,4),(169,7,8,NULL,NULL,NULL,1),(170,7,9,NULL,NULL,NULL,2),(171,7,10,NULL,NULL,NULL,3),(172,7,11,NULL,NULL,NULL,4),(173,7,12,NULL,NULL,NULL,1),(174,7,13,NULL,'fdg',NULL,NULL),(175,7,14,1,NULL,NULL,NULL),(176,7,16,NULL,NULL,NULL,4),(177,7,17,NULL,NULL,NULL,2),(178,7,18,NULL,NULL,NULL,3),(179,7,19,NULL,NULL,NULL,1),(180,7,20,NULL,NULL,NULL,4),(181,7,21,NULL,NULL,NULL,2),(182,7,22,NULL,'tgfnj',NULL,NULL),(183,7,143,NULL,NULL,NULL,4),(184,7,144,NULL,NULL,NULL,3),(185,7,145,NULL,NULL,NULL,2),(186,7,146,NULL,NULL,NULL,1),(187,7,147,NULL,NULL,NULL,2),(188,7,148,NULL,NULL,NULL,3),(189,7,149,NULL,'trtu',NULL,NULL),(190,7,150,NULL,NULL,NULL,3),(191,7,151,15,NULL,NULL,NULL),(192,7,154,NULL,NULL,'2020-01-02 00:00:00',NULL),(193,8,1,NULL,'kejajuju@hotmail.fr',NULL,NULL),(194,8,2,NULL,'giku',NULL,NULL),(195,8,3,NULL,'laurent',NULL,NULL),(196,8,4,NULL,NULL,NULL,4),(197,8,5,NULL,NULL,NULL,3),(198,8,6,NULL,'ok',NULL,NULL),(199,8,7,NULL,NULL,NULL,3),(200,8,8,NULL,NULL,NULL,2),(201,8,9,NULL,NULL,NULL,4),(202,8,10,NULL,NULL,NULL,3),(203,8,11,NULL,NULL,NULL,3),(204,8,12,NULL,NULL,NULL,3),(205,8,13,NULL,'ca va ',NULL,NULL),(206,8,14,2,NULL,NULL,NULL),(207,8,23,NULL,NULL,NULL,3),(208,8,24,NULL,NULL,NULL,4),(209,8,25,NULL,NULL,NULL,3),(210,8,26,NULL,NULL,NULL,4),(211,8,27,NULL,NULL,NULL,2),(212,8,28,NULL,'ok',NULL,NULL),(213,8,143,NULL,NULL,NULL,3),(214,8,144,NULL,NULL,NULL,4),(215,8,145,NULL,NULL,NULL,3),(216,8,146,NULL,NULL,NULL,3),(217,8,147,NULL,NULL,NULL,4),(218,8,148,NULL,NULL,NULL,2),(219,8,149,NULL,'pas top',NULL,NULL),(220,8,150,NULL,NULL,NULL,3),(221,8,151,13,NULL,NULL,NULL),(222,8,152,NULL,'454878218',NULL,NULL),(223,8,153,19,NULL,NULL,NULL),(224,9,1,NULL,'nmkpihn,nlu',NULL,NULL),(225,9,2,NULL,'hbhgyugjlb',NULL,NULL),(226,9,3,NULL,'jziopjoipcjkjxk',NULL,NULL),(227,9,4,NULL,NULL,NULL,2),(228,9,5,NULL,NULL,NULL,2),(229,9,6,NULL,'jhjdqjvhouiqhe',NULL,NULL),(230,9,7,NULL,NULL,NULL,4),(231,9,8,NULL,NULL,NULL,4),(232,9,9,NULL,NULL,NULL,4),(233,9,10,NULL,NULL,NULL,2),(234,9,11,NULL,NULL,NULL,2),(235,9,12,NULL,NULL,NULL,3),(236,9,13,NULL,'hvkhjfyufkbvkjhgo',NULL,NULL),(237,9,14,2,NULL,NULL,NULL),(238,9,23,NULL,NULL,NULL,4),(239,9,24,NULL,NULL,NULL,4),(240,9,25,NULL,NULL,NULL,1),(241,9,26,NULL,NULL,NULL,1),(242,9,27,NULL,NULL,NULL,2),(243,9,28,NULL,'hgfiyfkhguo',NULL,NULL),(244,9,143,NULL,NULL,NULL,1),(245,9,144,NULL,NULL,NULL,1),(246,9,145,NULL,NULL,NULL,4),(247,9,146,NULL,NULL,NULL,4),(248,9,147,NULL,NULL,NULL,4),(249,9,148,NULL,NULL,NULL,2),(250,9,149,NULL,'dsvcjhDOIJVHPZDF',NULL,NULL),(251,9,150,NULL,NULL,NULL,3),(252,9,151,13,NULL,NULL,NULL),(253,9,152,NULL,'DFVhdpviefp',NULL,NULL),(254,9,153,16,NULL,NULL,NULL),(255,9,154,NULL,NULL,'2021-01-14 00:00:00',NULL),(256,10,1,NULL,'herillard.guillaume@gmail.com',NULL,NULL),(257,10,2,NULL,'herillard',NULL,NULL),(258,10,3,NULL,'guillaume',NULL,NULL),(259,10,4,NULL,NULL,NULL,3),(260,10,5,NULL,NULL,NULL,3),(261,10,7,NULL,NULL,NULL,3),(262,10,8,NULL,NULL,NULL,4),(263,10,9,NULL,NULL,NULL,3),(264,10,10,NULL,NULL,NULL,2),(265,10,11,NULL,NULL,NULL,3),(266,10,12,NULL,NULL,NULL,4),(267,10,13,NULL,'tout va bien',NULL,NULL),(268,10,14,1,NULL,NULL,NULL),(269,10,16,NULL,NULL,NULL,3),(270,10,17,NULL,NULL,NULL,4),(271,10,18,NULL,NULL,NULL,3),(272,10,19,NULL,NULL,NULL,2),(273,10,20,NULL,NULL,NULL,2),(274,10,21,NULL,NULL,NULL,3),(275,10,22,NULL,'c\'est ok',NULL,NULL),(276,10,143,NULL,NULL,NULL,3),(277,10,144,NULL,NULL,NULL,4),(278,10,145,NULL,NULL,NULL,2),(279,10,146,NULL,NULL,NULL,4),(280,10,147,NULL,NULL,NULL,4),(281,10,148,NULL,NULL,NULL,2),(282,10,149,NULL,'c\'est Bath',NULL,NULL),(283,10,150,NULL,NULL,NULL,3),(284,10,151,14,NULL,NULL,NULL),(285,10,154,NULL,NULL,'2020-01-02 00:00:00',NULL),(286,11,1,NULL,'abc@xyz.lol',NULL,NULL),(287,11,2,NULL,'a',NULL,NULL),(288,11,3,NULL,'bc',NULL,NULL),(289,11,4,NULL,NULL,NULL,4),(290,11,5,NULL,NULL,NULL,3),(291,11,6,NULL,'yyyyyyyyyyyyyyyyyyyyyyyyyyyyyyyyyyyyyyyyyyyyyyyyyyyyyyyyyyyyyyyyyyyyyyyyyyyyy',NULL,NULL),(292,11,7,NULL,NULL,NULL,4),(293,11,8,NULL,NULL,NULL,4),(294,11,9,NULL,NULL,NULL,3),(295,11,10,NULL,NULL,NULL,3),(296,11,11,NULL,NULL,NULL,4),(297,11,12,NULL,NULL,NULL,3),(298,11,13,NULL,'yyyyyyyyyyyyyyyyyyyyyyyyyyyy',NULL,NULL),(299,11,14,2,NULL,NULL,NULL),(300,11,23,NULL,NULL,NULL,1),(301,11,24,NULL,NULL,NULL,2),(302,11,25,NULL,NULL,NULL,2),(303,11,26,NULL,NULL,NULL,2),(304,11,27,NULL,NULL,NULL,3),(305,11,28,NULL,'rrerererererrerer',NULL,NULL),(306,11,143,NULL,NULL,NULL,2),(307,11,144,NULL,NULL,NULL,2),(308,11,145,NULL,NULL,NULL,3),(309,11,146,NULL,NULL,NULL,3),(310,11,147,NULL,NULL,NULL,2),(311,11,148,NULL,NULL,NULL,3),(312,11,149,NULL,'tytytyty',NULL,NULL),(313,11,150,NULL,NULL,NULL,3),(314,11,151,14,NULL,NULL,NULL),(315,11,154,NULL,NULL,'2020-01-05 00:00:00',NULL),(316,12,1,NULL,'lisoiffjli@gmail.com',NULL,NULL),(317,12,2,NULL,'trollolo',NULL,NULL),(318,12,3,NULL,'ettrolollo',NULL,NULL),(319,12,4,NULL,NULL,NULL,4),(320,12,5,NULL,NULL,NULL,4),(321,12,6,NULL,'pas de commentaire',NULL,NULL),(322,12,7,NULL,NULL,NULL,4),(323,12,8,NULL,NULL,NULL,4),(324,12,9,NULL,NULL,NULL,4),(325,12,10,NULL,NULL,NULL,4),(326,12,11,NULL,NULL,NULL,4),(327,12,12,NULL,NULL,NULL,4),(328,12,14,1,NULL,NULL,NULL),(329,12,16,NULL,NULL,NULL,4),(330,12,17,NULL,NULL,NULL,4),(331,12,18,NULL,NULL,NULL,4),(332,12,19,NULL,NULL,NULL,4),(333,12,20,NULL,NULL,NULL,4),(334,12,21,NULL,NULL,NULL,4),(335,12,143,NULL,NULL,NULL,4),(336,12,144,NULL,NULL,NULL,4),(337,12,145,NULL,NULL,NULL,4),(338,12,146,NULL,NULL,NULL,4),(339,12,147,NULL,NULL,NULL,4),(340,12,148,NULL,NULL,NULL,4),(341,12,150,NULL,NULL,NULL,4),(342,12,151,15,NULL,NULL,NULL),(343,12,154,NULL,NULL,'2020-01-16 00:00:00',NULL),(344,13,1,NULL,'anneonyme@gmail.com',NULL,NULL),(345,13,2,NULL,'Onyme',NULL,NULL),(346,13,3,NULL,'Anne',NULL,NULL),(347,13,4,NULL,NULL,NULL,4),(348,13,5,NULL,NULL,NULL,4),(349,13,6,NULL,'Formateurs très disponibles et compétent',NULL,NULL),(350,13,7,NULL,NULL,NULL,3),(351,13,8,NULL,NULL,NULL,4),(352,13,9,NULL,NULL,NULL,4),(353,13,10,NULL,NULL,NULL,3),(354,13,11,NULL,NULL,NULL,3),(355,13,12,NULL,NULL,NULL,3),(356,13,14,1,NULL,NULL,NULL),(357,13,16,NULL,NULL,NULL,3),(358,13,17,NULL,NULL,NULL,3),(359,13,18,NULL,NULL,NULL,3),(360,13,19,NULL,NULL,NULL,3),(361,13,20,NULL,NULL,NULL,3),(362,13,21,NULL,NULL,NULL,3),(363,13,143,NULL,NULL,NULL,3),(364,13,144,NULL,NULL,NULL,3),(365,13,145,NULL,NULL,NULL,4),(366,13,146,NULL,NULL,NULL,4),(367,13,147,NULL,NULL,NULL,3),(368,13,148,NULL,NULL,NULL,3),(369,13,150,NULL,NULL,NULL,3),(370,13,151,13,NULL,NULL,NULL),(371,13,152,NULL,'14256',NULL,NULL),(372,13,153,17,NULL,NULL,NULL),(373,13,154,NULL,NULL,'2021-01-11 00:00:00',NULL),(374,14,1,NULL,'huheu.fifi@gmail.com',NULL,NULL),(375,14,2,NULL,'tetu',NULL,NULL),(376,14,3,NULL,'oscar',NULL,NULL),(377,14,4,NULL,NULL,NULL,3),(378,14,5,NULL,NULL,NULL,3),(379,14,6,NULL,'ca va',NULL,NULL),(380,14,7,NULL,NULL,NULL,3),(381,14,8,NULL,NULL,NULL,3),(382,14,9,NULL,NULL,NULL,2),(383,14,10,NULL,NULL,NULL,3),(384,14,11,NULL,NULL,NULL,3),(385,14,12,NULL,NULL,NULL,1),(386,14,13,NULL,'ok',NULL,NULL),(387,14,14,1,NULL,NULL,NULL),(388,14,16,NULL,NULL,NULL,3),(389,14,17,NULL,NULL,NULL,2),(390,14,18,NULL,NULL,NULL,4),(391,14,19,NULL,NULL,NULL,3),(392,14,20,NULL,NULL,NULL,2),(393,14,21,NULL,NULL,NULL,4),(394,14,22,NULL,'ok',NULL,NULL),(395,14,143,NULL,NULL,NULL,2),(396,14,144,NULL,NULL,NULL,3),(397,14,145,NULL,NULL,NULL,4),(398,14,146,NULL,NULL,NULL,3),(399,14,147,NULL,NULL,NULL,3),(400,14,148,NULL,NULL,NULL,2),(401,14,149,NULL,'ok',NULL,NULL),(402,14,150,NULL,NULL,NULL,3),(403,14,151,15,NULL,NULL,NULL),(404,14,154,NULL,NULL,'2020-01-18 00:00:00',NULL),(405,15,1,NULL,'kaoutarcefim@gmail.com',NULL,NULL),(406,15,2,NULL,'BOUTAHYRY',NULL,NULL),(407,15,3,NULL,'Kaoutar',NULL,NULL),(408,15,4,NULL,NULL,NULL,4),(409,15,5,NULL,NULL,NULL,3),(410,15,7,NULL,NULL,NULL,3),(411,15,8,NULL,NULL,NULL,4),(412,15,9,NULL,NULL,NULL,3),(413,15,10,NULL,NULL,NULL,3),(414,15,11,NULL,NULL,NULL,4),(415,15,12,NULL,NULL,NULL,4),(416,15,14,1,NULL,NULL,NULL),(417,15,16,NULL,NULL,NULL,3),(418,15,17,NULL,NULL,NULL,3),(419,15,18,NULL,NULL,NULL,3),(420,15,19,NULL,NULL,NULL,2),(421,15,20,NULL,NULL,NULL,3),(422,15,21,NULL,NULL,NULL,3),(423,15,143,NULL,NULL,NULL,3),(424,15,144,NULL,NULL,NULL,3),(425,15,145,NULL,NULL,NULL,3),(426,15,146,NULL,NULL,NULL,3),(427,15,147,NULL,NULL,NULL,3),(428,15,148,NULL,NULL,NULL,3),(429,15,150,NULL,NULL,NULL,3),(430,15,151,13,NULL,NULL,NULL),(431,15,152,NULL,'E455545',NULL,NULL),(432,15,153,19,NULL,NULL,NULL),(433,16,1,NULL,'api.rest@api.rest',NULL,NULL),(434,16,2,NULL,'api',NULL,NULL),(435,16,3,NULL,'rest',NULL,NULL),(436,16,4,NULL,NULL,NULL,3),(437,16,5,NULL,NULL,NULL,2),(438,16,6,NULL,'sd',NULL,NULL),(439,16,7,NULL,NULL,NULL,3),(440,16,8,NULL,NULL,NULL,3),(441,16,9,NULL,NULL,NULL,3),(442,16,10,NULL,NULL,NULL,3),(443,16,11,NULL,NULL,NULL,3),(444,16,12,NULL,NULL,NULL,3),(445,16,13,NULL,'t',NULL,NULL),(446,16,14,1,NULL,NULL,NULL),(447,16,16,NULL,NULL,NULL,4),(448,16,17,NULL,NULL,NULL,4),(449,16,18,NULL,NULL,NULL,4),(450,16,19,NULL,NULL,NULL,4),(451,16,20,NULL,NULL,NULL,4),(452,16,21,NULL,NULL,NULL,4),(453,16,22,NULL,'d',NULL,NULL),(454,16,143,NULL,NULL,NULL,4),(455,16,144,NULL,NULL,NULL,4),(456,16,145,NULL,NULL,NULL,4),(457,16,146,NULL,NULL,NULL,4),(458,16,147,NULL,NULL,NULL,4),(459,16,148,NULL,NULL,NULL,4),(460,16,149,NULL,'d',NULL,NULL),(461,16,150,NULL,NULL,NULL,4),(462,16,151,13,NULL,NULL,NULL),(463,16,152,NULL,'ezzerzerezr',NULL,NULL),(464,16,153,18,NULL,NULL,NULL),(465,16,154,NULL,NULL,'2020-02-14 00:00:00',NULL),(466,17,1,NULL,'azert@hotmail.fr',NULL,NULL),(467,17,2,NULL,'John',NULL,NULL),(468,17,3,NULL,'Doe',NULL,NULL),(469,17,4,NULL,NULL,NULL,4),(470,17,5,NULL,NULL,NULL,4),(471,17,6,NULL,'Super',NULL,NULL),(472,17,7,NULL,NULL,NULL,4),(473,17,8,NULL,NULL,NULL,4),(474,17,9,NULL,NULL,NULL,4),(475,17,10,NULL,NULL,NULL,2),(476,17,11,NULL,NULL,NULL,2),(477,17,12,NULL,NULL,NULL,3),(478,17,14,1,NULL,NULL,NULL),(479,17,16,NULL,NULL,NULL,4),(480,17,17,NULL,NULL,NULL,1),(481,17,18,NULL,NULL,NULL,3),(482,17,19,NULL,NULL,NULL,1),(483,17,20,NULL,NULL,NULL,2),(484,17,21,NULL,NULL,NULL,2),(485,17,22,NULL,'Pas mal',NULL,NULL),(486,17,143,NULL,NULL,NULL,4),(487,17,144,NULL,NULL,NULL,2),(488,17,145,NULL,NULL,NULL,3),(489,17,146,NULL,NULL,NULL,3),(490,17,147,NULL,NULL,NULL,4),(491,17,148,NULL,NULL,NULL,4),(492,17,150,NULL,NULL,NULL,1),(493,17,151,13,NULL,NULL,NULL),(494,17,152,NULL,'120231',NULL,NULL),(495,17,153,19,NULL,NULL,NULL),(496,18,1,NULL,'lucie@yahoo.fr',NULL,NULL),(497,18,2,NULL,'FER',NULL,NULL),(498,18,3,NULL,'lucie',NULL,NULL),(499,18,4,NULL,NULL,NULL,3),(500,18,5,NULL,NULL,NULL,3),(501,18,7,NULL,NULL,NULL,4),(502,18,8,NULL,NULL,NULL,4),(503,18,9,NULL,NULL,NULL,3),(504,18,10,NULL,NULL,NULL,3),(505,18,11,NULL,NULL,NULL,3),(506,18,12,NULL,NULL,NULL,4),(507,18,14,1,NULL,NULL,NULL),(508,18,16,NULL,NULL,NULL,2),(509,18,17,NULL,NULL,NULL,3),(510,18,18,NULL,NULL,NULL,3),(511,18,19,NULL,NULL,NULL,1),(512,18,20,NULL,NULL,NULL,1),(513,18,21,NULL,NULL,NULL,3),(514,18,143,NULL,NULL,NULL,2),(515,18,144,NULL,NULL,NULL,2),(516,18,145,NULL,NULL,NULL,3),(517,18,146,NULL,NULL,NULL,3),(518,18,147,NULL,NULL,NULL,4),(519,18,148,NULL,NULL,NULL,3),(520,18,150,NULL,NULL,NULL,2),(521,18,151,14,NULL,NULL,NULL),(522,18,154,NULL,NULL,'2020-07-01 00:00:00',NULL),(523,19,1,NULL,'oui.oui@hotmail.com',NULL,NULL),(524,19,2,NULL,'lulu',NULL,NULL),(525,19,3,NULL,'lagaffe',NULL,NULL),(526,19,4,NULL,NULL,NULL,2),(527,19,5,NULL,NULL,NULL,3),(528,19,6,NULL,'ca va',NULL,NULL),(529,19,7,NULL,NULL,NULL,4),(530,19,8,NULL,NULL,NULL,2),(531,19,9,NULL,NULL,NULL,3),(532,19,10,NULL,NULL,NULL,4),(533,19,11,NULL,NULL,NULL,4),(534,19,12,NULL,NULL,NULL,3),(535,19,13,NULL,'ok',NULL,NULL),(536,19,14,2,NULL,NULL,NULL),(537,19,23,NULL,NULL,NULL,3),(538,19,24,NULL,NULL,NULL,3),(539,19,25,NULL,NULL,NULL,2),(540,19,26,NULL,NULL,NULL,4),(541,19,27,NULL,NULL,NULL,3),(542,19,28,NULL,'au top ',NULL,NULL),(543,19,143,NULL,NULL,NULL,4),(544,19,144,NULL,NULL,NULL,3),(545,19,145,NULL,NULL,NULL,3),(546,19,146,NULL,NULL,NULL,3),(547,19,147,NULL,NULL,NULL,3),(548,19,148,NULL,NULL,NULL,4),(549,19,149,NULL,'super bien passé, j\'ai adoré',NULL,NULL),(550,19,150,NULL,NULL,NULL,4),(551,19,151,14,NULL,NULL,NULL),(552,19,154,NULL,NULL,'2020-12-26 00:00:00',NULL),(553,20,1,NULL,'pepe.kek@kekland.pepe',NULL,NULL),(554,20,2,NULL,'pepe',NULL,NULL),(555,20,3,NULL,'kek',NULL,NULL),(556,20,4,NULL,NULL,NULL,1),(557,20,5,NULL,NULL,NULL,1),(558,20,6,NULL,'p',NULL,NULL),(559,20,7,NULL,NULL,NULL,1),(560,20,8,NULL,NULL,NULL,1),(561,20,9,NULL,NULL,NULL,1),(562,20,10,NULL,NULL,NULL,1),(563,20,11,NULL,NULL,NULL,1),(564,20,12,NULL,NULL,NULL,1),(565,20,13,NULL,'f',NULL,NULL),(566,20,14,2,NULL,NULL,NULL),(567,20,23,NULL,NULL,NULL,1),(568,20,24,NULL,NULL,NULL,1),(569,20,25,NULL,NULL,NULL,1),(570,20,26,NULL,NULL,NULL,1),(571,20,27,NULL,NULL,NULL,1),(572,20,28,NULL,'f',NULL,NULL),(573,20,143,NULL,NULL,NULL,1),(574,20,144,NULL,NULL,NULL,1),(575,20,145,NULL,NULL,NULL,1),(576,20,146,NULL,NULL,NULL,1),(577,20,147,NULL,NULL,NULL,1),(578,20,148,NULL,NULL,NULL,1),(579,20,149,NULL,'f',NULL,NULL),(580,20,150,NULL,NULL,NULL,1),(581,20,151,13,NULL,NULL,NULL),(582,20,152,NULL,'sdfsf',NULL,NULL),(583,20,153,18,NULL,NULL,NULL),(584,20,154,NULL,NULL,'2021-01-23 00:00:00',NULL),(585,21,1,NULL,'euthoou@hotmail.com',NULL,NULL),(586,21,2,NULL,'euth',NULL,NULL),(587,21,3,NULL,'oou',NULL,NULL),(588,21,4,NULL,NULL,NULL,3),(589,21,5,NULL,NULL,NULL,2),(590,21,7,NULL,NULL,NULL,1),(591,21,8,NULL,NULL,NULL,4),(592,21,9,NULL,NULL,NULL,3),(593,21,10,NULL,NULL,NULL,1),(594,21,11,NULL,NULL,NULL,3),(595,21,12,NULL,NULL,NULL,1),(596,21,14,2,NULL,NULL,NULL),(597,21,23,NULL,NULL,NULL,1),(598,21,24,NULL,NULL,NULL,3),(599,21,25,NULL,NULL,NULL,2),(600,21,26,NULL,NULL,NULL,3),(601,21,27,NULL,NULL,NULL,1),(602,21,143,NULL,NULL,NULL,3),(603,21,144,NULL,NULL,NULL,1),(604,21,145,NULL,NULL,NULL,3),(605,21,146,NULL,NULL,NULL,3),(606,21,147,NULL,NULL,NULL,3),(607,21,148,NULL,NULL,NULL,4),(608,21,150,NULL,NULL,NULL,1),(609,21,151,14,NULL,NULL,NULL),(610,21,154,NULL,NULL,'2021-01-01 00:00:00',NULL),(611,22,1,NULL,'heloo@gmail.com',NULL,NULL),(612,22,2,NULL,'Parent ',NULL,NULL),(613,22,3,NULL,'Givel',NULL,NULL),(614,22,4,NULL,NULL,NULL,3),(615,22,5,NULL,NULL,NULL,4),(616,22,7,NULL,NULL,NULL,3),(617,22,8,NULL,NULL,NULL,2),(618,22,9,NULL,NULL,NULL,1),(619,22,10,NULL,NULL,NULL,3),(620,22,11,NULL,NULL,NULL,2),(621,22,12,NULL,NULL,NULL,2),(622,22,14,2,NULL,NULL,NULL),(623,22,23,NULL,NULL,NULL,3),(624,22,24,NULL,NULL,NULL,2),(625,22,25,NULL,NULL,NULL,2),(626,22,26,NULL,NULL,NULL,2),(627,22,27,NULL,NULL,NULL,3),(628,22,143,NULL,NULL,NULL,2),(629,22,144,NULL,NULL,NULL,3),(630,22,145,NULL,NULL,NULL,3),(631,22,146,NULL,NULL,NULL,2),(632,22,147,NULL,NULL,NULL,3),(633,22,148,NULL,NULL,NULL,3),(634,22,150,NULL,NULL,NULL,2),(635,22,151,14,NULL,NULL,NULL),(636,22,154,NULL,NULL,'2020-01-31 00:00:00',NULL),(637,23,1,NULL,'paul1859@gmail.com',NULL,NULL),(638,23,2,NULL,'PIERRE',NULL,NULL),(639,23,3,NULL,'Paul',NULL,NULL),(640,23,4,NULL,NULL,NULL,4),(641,23,5,NULL,NULL,NULL,3),(642,23,7,NULL,NULL,NULL,3),(643,23,8,NULL,NULL,NULL,4),(644,23,9,NULL,NULL,NULL,4),(645,23,10,NULL,NULL,NULL,2),(646,23,11,NULL,NULL,NULL,3),(647,23,12,NULL,NULL,NULL,3),(648,23,14,1,NULL,NULL,NULL),(649,23,16,NULL,NULL,NULL,4),(650,23,17,NULL,NULL,NULL,3),(651,23,18,NULL,NULL,NULL,3),(652,23,19,NULL,NULL,NULL,3),(653,23,20,NULL,NULL,NULL,4),(654,23,21,NULL,NULL,NULL,2),(655,23,143,NULL,NULL,NULL,4),(656,23,144,NULL,NULL,NULL,3),(657,23,145,NULL,NULL,NULL,4),(658,23,146,NULL,NULL,NULL,4),(659,23,147,NULL,NULL,NULL,4),(660,23,148,NULL,NULL,NULL,2),(661,23,150,NULL,NULL,NULL,4),(662,23,151,15,NULL,NULL,NULL),(663,23,154,NULL,NULL,'2020-09-14 00:00:00',NULL),(664,24,1,NULL,'samsuffit.cefim@gmail.com',NULL,NULL),(665,24,2,NULL,'Suffit',NULL,NULL),(666,24,3,NULL,'Sam',NULL,NULL),(667,24,4,NULL,NULL,NULL,4),(668,24,5,NULL,NULL,NULL,4),(669,24,7,NULL,NULL,NULL,4),(670,24,8,NULL,NULL,NULL,3),(671,24,9,NULL,NULL,NULL,1),(672,24,10,NULL,NULL,NULL,2),(673,24,11,NULL,NULL,NULL,3),(674,24,12,NULL,NULL,NULL,2),(675,24,14,2,NULL,NULL,NULL),(676,24,23,NULL,NULL,NULL,4),(677,24,24,NULL,NULL,NULL,3),(678,24,25,NULL,NULL,NULL,3),(679,24,26,NULL,NULL,NULL,1),(680,24,27,NULL,NULL,NULL,2),(681,24,143,NULL,NULL,NULL,2),(682,24,144,NULL,NULL,NULL,2),(683,24,145,NULL,NULL,NULL,2),(684,24,146,NULL,NULL,NULL,2),(685,24,147,NULL,NULL,NULL,1),(686,24,148,NULL,NULL,NULL,2),(687,24,150,NULL,NULL,NULL,2),(688,24,151,15,NULL,NULL,NULL),(689,24,154,NULL,NULL,'2026-01-15 00:00:00',NULL),(690,25,1,NULL,'herillard.guillaume@gmail.com',NULL,NULL),(691,25,2,NULL,'herillard',NULL,NULL),(692,25,3,NULL,'guillaume',NULL,NULL),(693,25,4,NULL,NULL,NULL,3),(694,25,5,NULL,NULL,NULL,3),(695,25,6,NULL,'chouette',NULL,NULL),(696,25,7,NULL,NULL,NULL,4),(697,25,8,NULL,NULL,NULL,3),(698,25,9,NULL,NULL,NULL,4),(699,25,10,NULL,NULL,NULL,3),(700,25,11,NULL,NULL,NULL,3),(701,25,12,NULL,NULL,NULL,3),(702,25,13,NULL,'pirouette',NULL,NULL),(703,25,14,1,NULL,NULL,NULL),(704,25,16,NULL,NULL,NULL,3),(705,25,17,NULL,NULL,NULL,2),(706,25,18,NULL,NULL,NULL,3),(707,25,19,NULL,NULL,NULL,3),(708,25,20,NULL,NULL,NULL,2),(709,25,21,NULL,NULL,NULL,4),(710,25,22,NULL,'cacahuète',NULL,NULL),(711,25,143,NULL,NULL,NULL,3),(712,25,144,NULL,NULL,NULL,4),(713,25,145,NULL,NULL,NULL,3),(714,25,146,NULL,NULL,NULL,3),(715,25,147,NULL,NULL,NULL,2),(716,25,148,NULL,NULL,NULL,4),(717,25,149,NULL,'bobinette ',NULL,NULL),(718,25,150,NULL,NULL,NULL,4),(719,25,151,15,NULL,NULL,NULL),(720,25,154,NULL,NULL,'2020-01-17 00:00:00',NULL),(721,26,1,NULL,'mdupont@hotmail.com',NULL,NULL),(722,26,2,NULL,'dupont',NULL,NULL),(723,26,3,NULL,'marizza',NULL,NULL),(724,26,4,NULL,NULL,NULL,3),(725,26,5,NULL,NULL,NULL,3),(726,26,6,NULL,'Top ',NULL,NULL),(727,26,7,NULL,NULL,NULL,3),(728,26,8,NULL,NULL,NULL,2),(729,26,9,NULL,NULL,NULL,4),(730,26,10,NULL,NULL,NULL,3),(731,26,11,NULL,NULL,NULL,4),(732,26,12,NULL,NULL,NULL,4),(733,26,13,NULL,'on peut mieux faire',NULL,NULL),(734,26,14,1,NULL,NULL,NULL),(735,26,16,NULL,NULL,NULL,3),(736,26,17,NULL,NULL,NULL,4),(737,26,18,NULL,NULL,NULL,3),(738,26,19,NULL,NULL,NULL,2),(739,26,20,NULL,NULL,NULL,3),(740,26,21,NULL,NULL,NULL,4),(741,26,22,NULL,'moyenne',NULL,NULL),(742,26,143,NULL,NULL,NULL,3),(743,26,144,NULL,NULL,NULL,4),(744,26,145,NULL,NULL,NULL,3),(745,26,146,NULL,NULL,NULL,3),(746,26,147,NULL,NULL,NULL,4),(747,26,148,NULL,NULL,NULL,4),(748,26,149,NULL,'top',NULL,NULL),(749,26,150,NULL,NULL,NULL,3),(750,26,151,15,NULL,NULL,NULL),(751,26,154,NULL,NULL,'2019-01-17 00:00:00',NULL),(752,27,1,NULL,'Yuliunmmi@gmx.com',NULL,NULL),(753,27,2,NULL,'Yuliun',NULL,NULL),(754,27,3,NULL,'Hmi',NULL,NULL),(755,27,4,NULL,NULL,NULL,2),(756,27,5,NULL,NULL,NULL,3),(757,27,6,NULL,'euh... que dire....',NULL,NULL),(758,27,7,NULL,NULL,NULL,3),(759,27,8,NULL,NULL,NULL,1),(760,27,9,NULL,NULL,NULL,4),(761,27,10,NULL,NULL,NULL,3),(762,27,11,NULL,NULL,NULL,1),(763,27,12,NULL,NULL,NULL,3),(764,27,14,1,NULL,NULL,NULL),(765,27,16,NULL,NULL,NULL,1),(766,27,17,NULL,NULL,NULL,2),(767,27,18,NULL,NULL,NULL,3),(768,27,19,NULL,NULL,NULL,2),(769,27,20,NULL,NULL,NULL,4),(770,27,21,NULL,NULL,NULL,4),(771,27,143,NULL,NULL,NULL,3),(772,27,144,NULL,NULL,NULL,3),(773,27,145,NULL,NULL,NULL,3),(774,27,146,NULL,NULL,NULL,3),(775,27,147,NULL,NULL,NULL,3),(776,27,148,NULL,NULL,NULL,3),(777,27,150,NULL,NULL,NULL,4),(778,27,151,14,NULL,NULL,NULL),(779,27,154,NULL,NULL,'2020-05-23 00:00:00',NULL),(780,28,1,NULL,'kobebryant@gmail.com',NULL,NULL),(781,28,2,NULL,'Kobe',NULL,NULL),(782,28,3,NULL,'Bryant',NULL,NULL),(783,28,4,NULL,NULL,NULL,4),(784,28,5,NULL,NULL,NULL,4),(785,28,7,NULL,NULL,NULL,1),(786,28,8,NULL,NULL,NULL,1),(787,28,9,NULL,NULL,NULL,1),(788,28,10,NULL,NULL,NULL,1),(789,28,11,NULL,NULL,NULL,1),(790,28,12,NULL,NULL,NULL,1),(791,28,13,NULL,'C\'est trop le bordel tout le monde joue au baby-foot',NULL,NULL),(792,28,14,2,NULL,NULL,NULL),(793,28,23,NULL,NULL,NULL,4),(794,28,24,NULL,NULL,NULL,1),(795,28,25,NULL,NULL,NULL,1),(796,28,26,NULL,NULL,NULL,3),(797,28,27,NULL,NULL,NULL,2),(798,28,143,NULL,NULL,NULL,1),(799,28,144,NULL,NULL,NULL,1),(800,28,145,NULL,NULL,NULL,1),(801,28,146,NULL,NULL,NULL,1),(802,28,147,NULL,NULL,NULL,1),(803,28,148,NULL,NULL,NULL,1),(804,28,149,NULL,'Personne ne m\'a trouvé d\'entreprise',NULL,NULL),(805,28,150,NULL,NULL,NULL,1),(806,28,151,14,NULL,NULL,NULL),(807,28,154,NULL,NULL,'2022-01-02 00:00:00',NULL),(808,29,1,NULL,'yes@gmail.com',NULL,NULL),(809,29,2,NULL,'François ',NULL,NULL),(810,29,3,NULL,'Jean',NULL,NULL),(811,29,4,NULL,NULL,NULL,2),(812,29,5,NULL,NULL,NULL,4),(813,29,7,NULL,NULL,NULL,4),(814,29,8,NULL,NULL,NULL,2),(815,29,9,NULL,NULL,NULL,3),(816,29,10,NULL,NULL,NULL,2),(817,29,11,NULL,NULL,NULL,3),(818,29,12,NULL,NULL,NULL,3),(819,29,14,2,NULL,NULL,NULL),(820,29,23,NULL,NULL,NULL,3),(821,29,24,NULL,NULL,NULL,4),(822,29,25,NULL,NULL,NULL,3),(823,29,26,NULL,NULL,NULL,3),(824,29,27,NULL,NULL,NULL,4),(825,29,143,NULL,NULL,NULL,2),(826,29,144,NULL,NULL,NULL,2),(827,29,145,NULL,NULL,NULL,2),(828,29,146,NULL,NULL,NULL,3),(829,29,147,NULL,NULL,NULL,3),(830,29,148,NULL,NULL,NULL,1),(831,29,150,NULL,NULL,NULL,3),(832,29,151,13,NULL,NULL,NULL),(833,29,152,NULL,'fh546691',NULL,NULL),(834,29,153,19,NULL,NULL,NULL),(835,30,1,NULL,'pauline.grelon@free.fr',NULL,NULL),(836,30,2,NULL,'GRELON',NULL,NULL),(837,30,3,NULL,'Pauline',NULL,NULL),(838,30,4,NULL,NULL,NULL,2),(839,30,5,NULL,NULL,NULL,3),(840,30,7,NULL,NULL,NULL,3),(841,30,8,NULL,NULL,NULL,2),(842,30,9,NULL,NULL,NULL,4),(843,30,10,NULL,NULL,NULL,2),(844,30,11,NULL,NULL,NULL,3),(845,30,12,NULL,NULL,NULL,3),(846,30,14,2,NULL,NULL,NULL),(847,30,23,NULL,NULL,NULL,4),(848,30,24,NULL,NULL,NULL,3),(849,30,25,NULL,NULL,NULL,2),(850,30,26,NULL,NULL,NULL,4),(851,30,27,NULL,NULL,NULL,3),(852,30,143,NULL,NULL,NULL,4),(853,30,144,NULL,NULL,NULL,3),(854,30,145,NULL,NULL,NULL,2),(855,30,146,NULL,NULL,NULL,4),(856,30,147,NULL,NULL,NULL,3),(857,30,148,NULL,NULL,NULL,2),(858,30,150,NULL,NULL,NULL,2),(859,30,151,13,NULL,NULL,NULL),(860,30,152,NULL,'54df64s64f65sd4',NULL,NULL),(861,30,153,17,NULL,NULL,NULL),(862,30,154,NULL,NULL,'2020-06-30 00:00:00',NULL),(863,31,1,NULL,'kiooiynpp@gmail.com',NULL,NULL),(864,31,2,NULL,'kiooi',NULL,NULL),(865,31,3,NULL,'ynpp',NULL,NULL),(866,31,4,NULL,NULL,NULL,3),(867,31,5,NULL,NULL,NULL,3),(868,31,6,NULL,'euhhhhhhhhh',NULL,NULL),(869,31,7,NULL,NULL,NULL,1),(870,31,8,NULL,NULL,NULL,3),(871,31,9,NULL,NULL,NULL,3),(872,31,10,NULL,NULL,NULL,2),(873,31,11,NULL,NULL,NULL,2),(874,31,12,NULL,NULL,NULL,2),(875,31,14,1,NULL,NULL,NULL),(876,31,16,NULL,NULL,NULL,4),(877,31,17,NULL,NULL,NULL,3),(878,31,18,NULL,NULL,NULL,2),(879,31,19,NULL,NULL,NULL,3),(880,31,20,NULL,NULL,NULL,3),(881,31,21,NULL,NULL,NULL,3),(882,31,143,NULL,NULL,NULL,2),(883,31,144,NULL,NULL,NULL,2),(884,31,145,NULL,NULL,NULL,2),(885,31,146,NULL,NULL,NULL,3),(886,31,147,NULL,NULL,NULL,3),(887,31,148,NULL,NULL,NULL,2),(888,31,150,NULL,NULL,NULL,4),(889,31,151,13,NULL,NULL,NULL),(890,31,152,NULL,'5986278',NULL,NULL),(891,31,153,19,NULL,NULL,NULL),(892,32,1,NULL,'dlshd@yahoo.fr',NULL,NULL),(893,32,2,NULL,'X',NULL,NULL),(894,32,3,NULL,'Y',NULL,NULL),(895,32,4,NULL,NULL,NULL,3),(896,32,5,NULL,NULL,NULL,3),(897,32,7,NULL,NULL,NULL,3),(898,32,8,NULL,NULL,NULL,1),(899,32,9,NULL,NULL,NULL,1),(900,32,10,NULL,NULL,NULL,1),(901,32,11,NULL,NULL,NULL,1),(902,32,12,NULL,NULL,NULL,1),(903,32,14,1,NULL,NULL,NULL),(904,32,16,NULL,NULL,NULL,1),(905,32,17,NULL,NULL,NULL,1),(906,32,18,NULL,NULL,NULL,1),(907,32,19,NULL,NULL,NULL,1),(908,32,20,NULL,NULL,NULL,1),(909,32,21,NULL,NULL,NULL,1),(910,32,143,NULL,NULL,NULL,2),(911,32,144,NULL,NULL,NULL,2),(912,32,145,NULL,NULL,NULL,1),(913,32,146,NULL,NULL,NULL,1),(914,32,147,NULL,NULL,NULL,1),(915,32,148,NULL,NULL,NULL,1),(916,32,150,NULL,NULL,NULL,2),(917,32,151,15,NULL,NULL,NULL),(918,32,154,NULL,NULL,'2020-01-09 00:00:00',NULL),(919,33,1,NULL,'thierry@aol.ru',NULL,NULL),(920,33,2,NULL,'BENITET',NULL,NULL),(921,33,3,NULL,'Thierry',NULL,NULL),(922,33,4,NULL,NULL,NULL,4),(923,33,5,NULL,NULL,NULL,3),(924,33,7,NULL,NULL,NULL,3),(925,33,8,NULL,NULL,NULL,4),(926,33,9,NULL,NULL,NULL,3),(927,33,10,NULL,NULL,NULL,3),(928,33,11,NULL,NULL,NULL,2),(929,33,12,NULL,NULL,NULL,3),(930,33,14,2,NULL,NULL,NULL),(931,33,23,NULL,NULL,NULL,3),(932,33,24,NULL,NULL,NULL,2),(933,33,25,NULL,NULL,NULL,3),(934,33,26,NULL,NULL,NULL,4),(935,33,27,NULL,NULL,NULL,3),(936,33,143,NULL,NULL,NULL,3),(937,33,144,NULL,NULL,NULL,3),(938,33,145,NULL,NULL,NULL,3),(939,33,146,NULL,NULL,NULL,3),(940,33,147,NULL,NULL,NULL,3),(941,33,148,NULL,NULL,NULL,3),(942,33,150,NULL,NULL,NULL,3),(943,33,151,14,NULL,NULL,NULL),(944,33,154,NULL,NULL,'2020-07-20 00:00:00',NULL),(945,34,1,NULL,'monmail@gmail.com',NULL,NULL),(946,34,2,NULL,'Rhoshandiatellyneshiaunneveshenkoyaanisquatsiuth',NULL,NULL),(947,34,3,NULL,'Williams',NULL,NULL),(948,34,4,NULL,NULL,NULL,4),(949,34,5,NULL,NULL,NULL,2),(950,34,7,NULL,NULL,NULL,3),(951,34,8,NULL,NULL,NULL,2),(952,34,9,NULL,NULL,NULL,4),(953,34,10,NULL,NULL,NULL,2),(954,34,11,NULL,NULL,NULL,1),(955,34,12,NULL,NULL,NULL,4),(956,34,14,1,NULL,NULL,NULL),(957,34,16,NULL,NULL,NULL,1),(958,34,17,NULL,NULL,NULL,4),(959,34,18,NULL,NULL,NULL,2),(960,34,19,NULL,NULL,NULL,2),(961,34,20,NULL,NULL,NULL,3),(962,34,21,NULL,NULL,NULL,1),(963,34,22,NULL,'J\'ai pas eu ma certification ',NULL,NULL),(964,34,143,NULL,NULL,NULL,2),(965,34,144,NULL,NULL,NULL,2),(966,34,145,NULL,NULL,NULL,2),(967,34,146,NULL,NULL,NULL,4),(968,34,147,NULL,NULL,NULL,4),(969,34,148,NULL,NULL,NULL,4),(970,34,150,NULL,NULL,NULL,4),(971,34,151,15,NULL,NULL,NULL),(972,34,154,NULL,NULL,'2021-01-13 00:00:00',NULL),(973,35,1,NULL,'harry.squeu@orange.fr',NULL,NULL),(974,35,2,NULL,'Squeu',NULL,NULL),(975,35,3,NULL,'Harry',NULL,NULL),(976,35,4,NULL,NULL,NULL,4),(977,35,5,NULL,NULL,NULL,4),(978,35,7,NULL,NULL,NULL,4),(979,35,8,NULL,NULL,NULL,3),(980,35,9,NULL,NULL,NULL,3),(981,35,10,NULL,NULL,NULL,3),(982,35,11,NULL,NULL,NULL,3),(983,35,12,NULL,NULL,NULL,2),(984,35,14,2,NULL,NULL,NULL),(985,35,23,NULL,NULL,NULL,4),(986,35,24,NULL,NULL,NULL,4),(987,35,25,NULL,NULL,NULL,4),(988,35,26,NULL,NULL,NULL,3),(989,35,27,NULL,NULL,NULL,3),(990,35,143,NULL,NULL,NULL,3),(991,35,144,NULL,NULL,NULL,3),(992,35,145,NULL,NULL,NULL,3),(993,35,146,NULL,NULL,NULL,4),(994,35,147,NULL,NULL,NULL,4),(995,35,148,NULL,NULL,NULL,3),(996,35,150,NULL,NULL,NULL,4),(997,35,151,14,NULL,NULL,NULL),(998,35,154,NULL,NULL,'2021-01-18 00:00:00',NULL),(999,36,1,NULL,'martin.durand@plouf.com',NULL,NULL),(1000,36,2,NULL,'DURAND',NULL,NULL),(1001,36,3,NULL,'Martin',NULL,NULL),(1002,36,4,NULL,NULL,NULL,4),(1003,36,5,NULL,NULL,NULL,4),(1004,36,6,NULL,'SUPER',NULL,NULL),(1005,36,7,NULL,NULL,NULL,2),(1006,36,8,NULL,NULL,NULL,3),(1007,36,9,NULL,NULL,NULL,4),(1008,36,10,NULL,NULL,NULL,1),(1009,36,11,NULL,NULL,NULL,2),(1010,36,12,NULL,NULL,NULL,2),(1011,36,14,1,NULL,NULL,NULL),(1012,36,16,NULL,NULL,NULL,3),(1013,36,17,NULL,NULL,NULL,2),(1014,36,18,NULL,NULL,NULL,4),(1015,36,19,NULL,NULL,NULL,1),(1016,36,20,NULL,NULL,NULL,2),(1017,36,21,NULL,NULL,NULL,4),(1018,36,22,NULL,'Interessant',NULL,NULL),(1019,36,143,NULL,NULL,NULL,4),(1020,36,144,NULL,NULL,NULL,2),(1021,36,145,NULL,NULL,NULL,3),(1022,36,146,NULL,NULL,NULL,1),(1023,36,147,NULL,NULL,NULL,3),(1024,36,148,NULL,NULL,NULL,4),(1025,36,150,NULL,NULL,NULL,1),(1026,36,151,15,NULL,NULL,NULL),(1027,36,154,NULL,NULL,'2020-01-17 00:00:00',NULL),(1028,37,1,NULL,'Adolfo.ramirez@cacheenargentine.de',NULL,NULL),(1029,37,2,NULL,'Ramirez',NULL,NULL),(1030,37,3,NULL,'Adolfo',NULL,NULL),(1031,37,4,NULL,NULL,NULL,3),(1032,37,5,NULL,NULL,NULL,4),(1033,37,6,NULL,'chevillette',NULL,NULL),(1034,37,7,NULL,NULL,NULL,3),(1035,37,8,NULL,NULL,NULL,3),(1036,37,9,NULL,NULL,NULL,2),(1037,37,10,NULL,NULL,NULL,3),(1038,37,11,NULL,NULL,NULL,4),(1039,37,12,NULL,NULL,NULL,4),(1040,37,13,NULL,'manque de rétroprojecteur...j\'ai toujours aimé les calques',NULL,NULL),(1041,37,14,1,NULL,NULL,NULL),(1042,37,16,NULL,NULL,NULL,3),(1043,37,17,NULL,NULL,NULL,3),(1044,37,18,NULL,NULL,NULL,4),(1045,37,19,NULL,NULL,NULL,4),(1046,37,20,NULL,NULL,NULL,2),(1047,37,21,NULL,NULL,NULL,4),(1048,37,22,NULL,'YOU SHALL NOT PASS RUSSIAN HACKER !',NULL,NULL),(1049,37,143,NULL,NULL,NULL,4),(1050,37,144,NULL,NULL,NULL,2),(1051,37,145,NULL,NULL,NULL,3),(1052,37,146,NULL,NULL,NULL,4),(1053,37,147,NULL,NULL,NULL,4),(1054,37,148,NULL,NULL,NULL,4),(1055,37,149,NULL,'Moi ce que je préfère ... c\'est pôle emploi et le beurre de cacahuète !',NULL,NULL),(1056,37,150,NULL,NULL,NULL,2),(1057,37,151,13,NULL,NULL,NULL),(1058,37,152,NULL,'le 12',NULL,NULL),(1059,37,153,18,NULL,NULL,NULL),(1060,37,154,NULL,NULL,'2020-01-17 00:00:00',NULL),(1061,38,1,NULL,'bessaroux@gmail.com',NULL,NULL),(1062,38,2,NULL,'roux',NULL,NULL),(1063,38,3,NULL,'bessa',NULL,NULL),(1064,38,4,NULL,NULL,NULL,3),(1065,38,5,NULL,NULL,NULL,3),(1066,38,6,NULL,'contente ',NULL,NULL),(1067,38,7,NULL,NULL,NULL,3),(1068,38,8,NULL,NULL,NULL,2),(1069,38,9,NULL,NULL,NULL,4),(1070,38,10,NULL,NULL,NULL,4),(1071,38,11,NULL,NULL,NULL,3),(1072,38,12,NULL,NULL,NULL,2),(1073,38,13,NULL,'très contente',NULL,NULL),(1074,38,14,2,NULL,NULL,NULL),(1075,38,23,NULL,NULL,NULL,3),(1076,38,24,NULL,NULL,NULL,4),(1077,38,25,NULL,NULL,NULL,3),(1078,38,26,NULL,NULL,NULL,3),(1079,38,27,NULL,NULL,NULL,4),(1080,38,28,NULL,'je me suis sentie un peu seule',NULL,NULL),(1081,38,143,NULL,NULL,NULL,3),(1082,38,144,NULL,NULL,NULL,3),(1083,38,145,NULL,NULL,NULL,4),(1084,38,146,NULL,NULL,NULL,3),(1085,38,147,NULL,NULL,NULL,4),(1086,38,148,NULL,NULL,NULL,2),(1087,38,149,NULL,' satisfais',NULL,NULL),(1088,38,150,NULL,NULL,NULL,3),(1089,38,151,13,NULL,NULL,NULL),(1090,38,152,NULL,'660889X',NULL,NULL),(1091,38,153,19,NULL,NULL,NULL),(1092,39,1,NULL,'hackerrusse@hotmail.com',NULL,NULL),(1093,39,2,NULL,'poutine',NULL,NULL),(1094,39,3,NULL,'vladimir',NULL,NULL),(1095,39,4,NULL,NULL,NULL,4),(1096,39,5,NULL,NULL,NULL,4),(1097,39,7,NULL,NULL,NULL,4),(1098,39,8,NULL,NULL,NULL,4),(1099,39,9,NULL,NULL,NULL,4),(1100,39,10,NULL,NULL,NULL,4),(1101,39,11,NULL,NULL,NULL,4),(1102,39,12,NULL,NULL,NULL,4),(1103,39,14,1,NULL,NULL,NULL),(1104,39,16,NULL,NULL,NULL,3),(1105,39,17,NULL,NULL,NULL,4),(1106,39,18,NULL,NULL,NULL,3),(1107,39,19,NULL,NULL,NULL,1),(1108,39,20,NULL,NULL,NULL,4),(1109,39,21,NULL,NULL,NULL,4),(1110,39,143,NULL,NULL,NULL,4),(1111,39,144,NULL,NULL,NULL,1),(1112,39,145,NULL,NULL,NULL,3),(1113,39,146,NULL,NULL,NULL,2),(1114,39,147,NULL,NULL,NULL,2),(1115,39,148,NULL,NULL,NULL,4),(1116,39,150,NULL,NULL,NULL,4),(1117,39,151,15,NULL,NULL,NULL),(1118,39,154,NULL,NULL,'2020-12-09 00:00:00',NULL),(1119,40,1,NULL,'dupont_jean@hotmail.Com',NULL,NULL),(1120,40,2,NULL,'dupont',NULL,NULL),(1121,40,3,NULL,'jean',NULL,NULL),(1122,40,4,NULL,NULL,NULL,3),(1123,40,5,NULL,NULL,NULL,2),(1124,40,6,NULL,'ras',NULL,NULL),(1125,40,7,NULL,NULL,NULL,4),(1126,40,8,NULL,NULL,NULL,2),(1127,40,9,NULL,NULL,NULL,3),(1128,40,10,NULL,NULL,NULL,3),(1129,40,11,NULL,NULL,NULL,2),(1130,40,12,NULL,NULL,NULL,4),(1131,40,13,NULL,'ras',NULL,NULL),(1132,40,14,1,NULL,NULL,NULL),(1133,40,16,NULL,NULL,NULL,4),(1134,40,17,NULL,NULL,NULL,3),(1135,40,18,NULL,NULL,NULL,3),(1136,40,19,NULL,NULL,NULL,2),(1137,40,20,NULL,NULL,NULL,2),(1138,40,21,NULL,NULL,NULL,3),(1139,40,143,NULL,NULL,NULL,3),(1140,40,144,NULL,NULL,NULL,2),(1141,40,145,NULL,NULL,NULL,3),(1142,40,146,NULL,NULL,NULL,3),(1143,40,147,NULL,NULL,NULL,4),(1144,40,148,NULL,NULL,NULL,2),(1145,40,150,NULL,NULL,NULL,3),(1146,40,151,15,NULL,NULL,NULL),(1147,40,154,NULL,NULL,'2020-09-17 00:00:00',NULL),(1148,41,1,NULL,'martin.matin@hotmail.com',NULL,NULL),(1149,41,2,NULL,'Matin',NULL,NULL),(1150,41,3,NULL,'martin',NULL,NULL),(1151,41,4,NULL,NULL,NULL,1),(1152,41,5,NULL,NULL,NULL,3),(1153,41,7,NULL,NULL,NULL,3),(1154,41,8,NULL,NULL,NULL,2),(1155,41,9,NULL,NULL,NULL,4),(1156,41,10,NULL,NULL,NULL,1),(1157,41,11,NULL,NULL,NULL,3),(1158,41,12,NULL,NULL,NULL,4),(1159,41,13,NULL,'Des améliorations peuvent être apportées',NULL,NULL),(1160,41,14,2,NULL,NULL,NULL),(1161,41,23,NULL,NULL,NULL,4),(1162,41,24,NULL,NULL,NULL,2),(1163,41,25,NULL,NULL,NULL,1),(1164,41,26,NULL,NULL,NULL,1),(1165,41,27,NULL,NULL,NULL,3),(1166,41,28,NULL,'Pas de commentaires',NULL,NULL),(1167,41,143,NULL,NULL,NULL,2),(1168,41,144,NULL,NULL,NULL,3),(1169,41,145,NULL,NULL,NULL,1),(1170,41,146,NULL,NULL,NULL,4),(1171,41,147,NULL,NULL,NULL,2),(1172,41,148,NULL,NULL,NULL,1),(1173,41,150,NULL,NULL,NULL,4),(1174,41,151,13,NULL,NULL,NULL),(1175,41,152,NULL,'1245638978',NULL,NULL),(1176,41,153,19,NULL,NULL,NULL),(1177,42,1,NULL,'npayet@hotmail.fr ',NULL,NULL),(1178,42,2,NULL,'payet',NULL,NULL),(1179,42,3,NULL,'nil',NULL,NULL),(1180,42,4,NULL,NULL,NULL,3),(1181,42,5,NULL,NULL,NULL,2),(1182,42,6,NULL,'moyenne',NULL,NULL),(1183,42,7,NULL,NULL,NULL,3),(1184,42,8,NULL,NULL,NULL,4),(1185,42,9,NULL,NULL,NULL,3),(1186,42,10,NULL,NULL,NULL,2),(1187,42,11,NULL,NULL,NULL,3),(1188,42,12,NULL,NULL,NULL,4),(1189,42,13,NULL,'très content',NULL,NULL),(1190,42,14,2,NULL,NULL,NULL),(1191,42,23,NULL,NULL,NULL,3),(1192,42,24,NULL,NULL,NULL,4),(1193,42,25,NULL,NULL,NULL,3),(1194,42,26,NULL,NULL,NULL,4),(1195,42,27,NULL,NULL,NULL,3),(1196,42,28,NULL,'le suivie professionnelle a été très bien et ils m\'ont beaucoup aider pour la suite',NULL,NULL),(1197,42,143,NULL,NULL,NULL,3),(1198,42,144,NULL,NULL,NULL,2),(1199,42,145,NULL,NULL,NULL,2),(1200,42,146,NULL,NULL,NULL,3),(1201,42,147,NULL,NULL,NULL,2),(1202,42,148,NULL,NULL,NULL,3),(1203,42,149,NULL,'on peut faire mieux ',NULL,NULL),(1204,42,150,NULL,NULL,NULL,3),(1205,42,151,14,NULL,NULL,NULL),(1206,42,154,NULL,NULL,'2020-04-17 00:00:00',NULL),(1207,43,1,NULL,'hercule.poireau@gmail.com',NULL,NULL),(1208,43,2,NULL,'POIREAU',NULL,NULL),(1209,43,3,NULL,'Hercule',NULL,NULL),(1210,43,4,NULL,NULL,NULL,4),(1211,43,5,NULL,NULL,NULL,4),(1212,43,6,NULL,'C\'est vraiment parfait',NULL,NULL),(1213,43,7,NULL,NULL,NULL,1),(1214,43,8,NULL,NULL,NULL,2),(1215,43,9,NULL,NULL,NULL,1),(1216,43,10,NULL,NULL,NULL,3),(1217,43,11,NULL,NULL,NULL,4),(1218,43,12,NULL,NULL,NULL,3),(1219,43,14,1,NULL,NULL,NULL),(1220,43,16,NULL,NULL,NULL,1),(1221,43,17,NULL,NULL,NULL,2),(1222,43,18,NULL,NULL,NULL,1),(1223,43,19,NULL,NULL,NULL,4),(1224,43,20,NULL,NULL,NULL,2),(1225,43,21,NULL,NULL,NULL,3),(1226,43,143,NULL,NULL,NULL,3),(1227,43,144,NULL,NULL,NULL,4),(1228,43,145,NULL,NULL,NULL,1),(1229,43,146,NULL,NULL,NULL,2),(1230,43,147,NULL,NULL,NULL,3),(1231,43,148,NULL,NULL,NULL,4),(1232,43,150,NULL,NULL,NULL,1),(1233,43,151,14,NULL,NULL,NULL),(1234,43,154,NULL,NULL,'2020-09-17 00:00:00',NULL),(1235,44,1,NULL,'Bilbo.baggins@theshire.tm',NULL,NULL),(1236,44,2,NULL,'Baggins',NULL,NULL),(1237,44,3,NULL,'Bilbo',NULL,NULL),(1238,44,4,NULL,NULL,NULL,4),(1239,44,5,NULL,NULL,NULL,3),(1240,44,6,NULL,'n\'a pas trop aimé les orcs',NULL,NULL),(1241,44,7,NULL,NULL,NULL,4),(1242,44,8,NULL,NULL,NULL,3),(1243,44,9,NULL,NULL,NULL,4),(1244,44,10,NULL,NULL,NULL,3),(1245,44,11,NULL,NULL,NULL,4),(1246,44,12,NULL,NULL,NULL,3),(1247,44,13,NULL,'Gandalf est au top pour les cours de magie',NULL,NULL),(1248,44,14,2,NULL,NULL,NULL),(1249,44,23,NULL,NULL,NULL,4),(1250,44,24,NULL,NULL,NULL,3),(1251,44,25,NULL,NULL,NULL,4),(1252,44,26,NULL,NULL,NULL,4),(1253,44,27,NULL,NULL,NULL,4),(1254,44,28,NULL,'n\'a pas trouvé d\'emploi, est retourné fumer de l\'herbe à pipe avec Gandalf',NULL,NULL),(1255,44,143,NULL,NULL,NULL,2),(1256,44,144,NULL,NULL,NULL,4),(1257,44,145,NULL,NULL,NULL,4),(1258,44,146,NULL,NULL,NULL,3),(1259,44,147,NULL,NULL,NULL,4),(1260,44,148,NULL,NULL,NULL,3),(1261,44,149,NULL,'moi quand je serai vieux, j\'irai vivre avec les elfes',NULL,NULL),(1262,44,150,NULL,NULL,NULL,3),(1263,44,151,15,NULL,NULL,NULL),(1264,44,154,NULL,NULL,'2021-10-23 00:00:00',NULL),(1265,45,1,NULL,'alplacazet@hotmail.fr',NULL,NULL),(1266,45,2,NULL,'lacazet',NULL,NULL),(1267,45,3,NULL,'alp',NULL,NULL),(1268,45,4,NULL,NULL,NULL,3),(1269,45,5,NULL,NULL,NULL,4),(1270,45,6,NULL,'content ',NULL,NULL),(1271,45,7,NULL,NULL,NULL,3),(1272,45,8,NULL,NULL,NULL,4),(1273,45,9,NULL,NULL,NULL,4),(1274,45,10,NULL,NULL,NULL,4),(1275,45,11,NULL,NULL,NULL,4),(1276,45,12,NULL,NULL,NULL,4),(1277,45,13,NULL,'très content ',NULL,NULL),(1278,45,14,2,NULL,NULL,NULL),(1279,45,23,NULL,NULL,NULL,3),(1280,45,24,NULL,NULL,NULL,4),(1281,45,25,NULL,NULL,NULL,3),(1282,45,26,NULL,NULL,NULL,3),(1283,45,27,NULL,NULL,NULL,3),(1284,45,28,NULL,'moyenne',NULL,NULL),(1285,45,143,NULL,NULL,NULL,3),(1286,45,144,NULL,NULL,NULL,4),(1287,45,145,NULL,NULL,NULL,3),(1288,45,146,NULL,NULL,NULL,4),(1289,45,147,NULL,NULL,NULL,3),(1290,45,148,NULL,NULL,NULL,3),(1291,45,149,NULL,'content',NULL,NULL),(1292,45,150,NULL,NULL,NULL,3),(1293,45,151,15,NULL,NULL,NULL),(1294,45,154,NULL,NULL,'2020-06-20 00:00:00',NULL),(1295,46,1,NULL,'lehackerdu37@gmmail.com',NULL,NULL),(1296,46,2,NULL,'Clette',NULL,NULL),(1297,46,3,NULL,'Lara',NULL,NULL),(1298,46,4,NULL,NULL,NULL,2),(1299,46,5,NULL,NULL,NULL,2),(1300,46,7,NULL,NULL,NULL,2),(1301,46,8,NULL,NULL,NULL,3),(1302,46,9,NULL,NULL,NULL,2),(1303,46,10,NULL,NULL,NULL,3),(1304,46,11,NULL,NULL,NULL,2),(1305,46,12,NULL,NULL,NULL,2),(1306,46,14,1,NULL,NULL,NULL),(1307,46,16,NULL,NULL,NULL,3),(1308,46,17,NULL,NULL,NULL,3),(1309,46,18,NULL,NULL,NULL,2),(1310,46,19,NULL,NULL,NULL,2),(1311,46,20,NULL,NULL,NULL,1),(1312,46,21,NULL,NULL,NULL,1),(1313,46,143,NULL,NULL,NULL,3),(1314,46,144,NULL,NULL,NULL,3),(1315,46,145,NULL,NULL,NULL,3),(1316,46,146,NULL,NULL,NULL,3),(1317,46,147,NULL,NULL,NULL,3),(1318,46,148,NULL,NULL,NULL,3),(1319,46,150,NULL,NULL,NULL,3),(1320,46,151,13,NULL,NULL,NULL),(1321,46,152,NULL,'239845',NULL,NULL),(1322,46,153,19,NULL,NULL,NULL),(1323,47,1,NULL,'Agatha.Christie@gmail.com',NULL,NULL),(1324,47,2,NULL,'CHRISTIE',NULL,NULL),(1325,47,3,NULL,'Agatha',NULL,NULL),(1326,47,4,NULL,NULL,NULL,1),(1327,47,5,NULL,NULL,NULL,4),(1328,47,7,NULL,NULL,NULL,3),(1329,47,8,NULL,NULL,NULL,4),(1330,47,9,NULL,NULL,NULL,2),(1331,47,10,NULL,NULL,NULL,4),(1332,47,11,NULL,NULL,NULL,1),(1333,47,12,NULL,NULL,NULL,3),(1334,47,14,2,NULL,NULL,NULL),(1335,47,15,NULL,'AUTRE',NULL,NULL),(1336,47,23,NULL,NULL,NULL,3),(1337,47,24,NULL,NULL,NULL,2),(1338,47,25,NULL,NULL,NULL,1),(1339,47,26,NULL,NULL,NULL,3),(1340,47,27,NULL,NULL,NULL,2),(1341,47,143,NULL,NULL,NULL,4),(1342,47,144,NULL,NULL,NULL,1),(1343,47,145,NULL,NULL,NULL,3),(1344,47,146,NULL,NULL,NULL,4),(1345,47,147,NULL,NULL,NULL,2),(1346,47,148,NULL,NULL,NULL,3),(1347,47,150,NULL,NULL,NULL,3),(1348,47,151,13,NULL,NULL,NULL),(1349,47,152,NULL,'987654321',NULL,NULL),(1350,47,153,17,NULL,NULL,NULL),(1351,47,154,NULL,NULL,'2020-03-26 00:00:00',NULL),(1352,48,1,NULL,'corima@hotmail.fr',NULL,NULL),(1353,48,2,NULL,'MAZALEIGUE',NULL,NULL),(1354,48,3,NULL,'COrinne',NULL,NULL),(1355,48,4,NULL,NULL,NULL,4),(1356,48,5,NULL,NULL,NULL,4),(1357,48,6,NULL,'Brochure très fournie\n',NULL,NULL),(1358,48,7,NULL,NULL,NULL,3),(1359,48,8,NULL,NULL,NULL,4),(1360,48,9,NULL,NULL,NULL,4),(1361,48,10,NULL,NULL,NULL,3),(1362,48,11,NULL,NULL,NULL,3),(1363,48,12,NULL,NULL,NULL,3),(1364,48,14,1,NULL,NULL,NULL),(1365,48,16,NULL,NULL,NULL,3),(1366,48,17,NULL,NULL,NULL,3),(1367,48,18,NULL,NULL,NULL,4),(1368,48,19,NULL,NULL,NULL,3),(1369,48,20,NULL,NULL,NULL,4),(1370,48,21,NULL,NULL,NULL,4),(1371,48,143,NULL,NULL,NULL,3),(1372,48,144,NULL,NULL,NULL,3),(1373,48,145,NULL,NULL,NULL,3),(1374,48,146,NULL,NULL,NULL,4),(1375,48,147,NULL,NULL,NULL,4),(1376,48,148,NULL,NULL,NULL,4),(1377,48,150,NULL,NULL,NULL,3),(1378,48,151,15,NULL,NULL,NULL),(1379,48,154,NULL,NULL,'2020-12-01 00:00:00',NULL),(1380,49,1,NULL,'bernmaza@outlook.fr',NULL,NULL),(1381,49,2,NULL,'BERNAT',NULL,NULL),(1382,49,3,NULL,'Luce',NULL,NULL),(1383,49,4,NULL,NULL,NULL,3),(1384,49,5,NULL,NULL,NULL,3),(1385,49,7,NULL,NULL,NULL,3),(1386,49,8,NULL,NULL,NULL,4),(1387,49,9,NULL,NULL,NULL,3),(1388,49,10,NULL,NULL,NULL,3),(1389,49,11,NULL,NULL,NULL,3),(1390,49,12,NULL,NULL,NULL,4),(1391,49,14,2,NULL,NULL,NULL),(1392,49,23,NULL,NULL,NULL,3),(1393,49,24,NULL,NULL,NULL,3),(1394,49,25,NULL,NULL,NULL,3),(1395,49,26,NULL,NULL,NULL,2),(1396,49,27,NULL,NULL,NULL,3),(1397,49,143,NULL,NULL,NULL,3),(1398,49,144,NULL,NULL,NULL,3),(1399,49,145,NULL,NULL,NULL,4),(1400,49,146,NULL,NULL,NULL,3),(1401,49,147,NULL,NULL,NULL,3),(1402,49,148,NULL,NULL,NULL,3),(1403,49,150,NULL,NULL,NULL,3),(1404,49,151,14,NULL,NULL,NULL),(1405,49,154,NULL,NULL,'2020-09-01 00:00:00',NULL),(1406,50,1,NULL,'guilbernat@gmail.com',NULL,NULL),(1407,50,2,NULL,'GUILLEMET',NULL,NULL),(1408,50,3,NULL,'Fabrice',NULL,NULL),(1409,50,4,NULL,NULL,NULL,3),(1410,50,5,NULL,NULL,NULL,4),(1411,50,7,NULL,NULL,NULL,3),(1412,50,8,NULL,NULL,NULL,3),(1413,50,9,NULL,NULL,NULL,3),(1414,50,10,NULL,NULL,NULL,3),(1415,50,11,NULL,NULL,NULL,3),(1416,50,12,NULL,NULL,NULL,3),(1417,50,14,2,NULL,NULL,NULL),(1418,50,23,NULL,NULL,NULL,3),(1419,50,24,NULL,NULL,NULL,3),(1420,50,25,NULL,NULL,NULL,4),(1421,50,26,NULL,NULL,NULL,4),(1422,50,27,NULL,NULL,NULL,3),(1423,50,143,NULL,NULL,NULL,4),(1424,50,144,NULL,NULL,NULL,3),(1425,50,145,NULL,NULL,NULL,3),(1426,50,146,NULL,NULL,NULL,3),(1427,50,147,NULL,NULL,NULL,4),(1428,50,148,NULL,NULL,NULL,4),(1429,50,150,NULL,NULL,NULL,3),(1430,50,151,13,NULL,NULL,NULL),(1431,50,152,NULL,'120456210',NULL,NULL),(1432,50,153,18,NULL,NULL,NULL),(1433,50,154,NULL,NULL,'2020-09-07 00:00:00',NULL);
/*!40000 ALTER TABLE `reponse` ENABLE KEYS */;
UNLOCK TABLES;

--
-- Table structure for table `session`
--

DROP TABLE IF EXISTS `session`;
/*!40101 SET @saved_cs_client     = @@character_set_client */;
/*!50503 SET character_set_client = utf8mb4 */;
CREATE TABLE `session` (
  `id` int NOT NULL AUTO_INCREMENT,
  `date` datetime NOT NULL DEFAULT CURRENT_TIMESTAMP,
  PRIMARY KEY (`id`)
) ENGINE=InnoDB AUTO_INCREMENT=51 DEFAULT CHARSET=utf8mb4 COLLATE=utf8mb4_0900_ai_ci;
/*!40101 SET character_set_client = @saved_cs_client */;

--
-- Dumping data for table `session`
--

LOCK TABLES `session` WRITE;
/*!40000 ALTER TABLE `session` DISABLE KEYS */;
INSERT INTO `session` VALUES (2,'2020-06-15 13:17:35'),(3,'2020-06-15 15:28:07'),(4,'2020-06-15 15:37:26'),(5,'2020-06-15 15:38:33'),(6,'2020-06-15 15:39:36'),(7,'2020-06-15 15:40:07'),(8,'2020-06-15 15:40:25'),(9,'2020-06-15 15:40:43'),(10,'2020-06-15 15:41:02'),(11,'2020-06-15 15:41:35'),(12,'2020-06-15 15:41:38'),(13,'2020-06-15 15:42:44'),(14,'2020-06-15 15:42:53'),(15,'2020-06-15 15:43:21'),(16,'2020-06-15 15:43:31'),(17,'2020-06-15 15:44:08'),(18,'2020-06-15 15:44:09'),(19,'2020-06-15 15:44:38'),(20,'2020-06-15 15:44:47'),(21,'2020-06-15 15:44:49'),(22,'2020-06-15 15:45:03'),(23,'2020-06-15 15:45:34'),(24,'2020-06-15 15:45:36'),(25,'2020-06-15 15:45:44'),(26,'2020-06-15 15:46:13'),(27,'2020-06-15 15:46:18'),(28,'2020-06-15 15:46:30'),(29,'2020-06-15 15:46:50'),(30,'2020-06-15 15:47:11'),(31,'2020-06-15 15:47:29'),(32,'2020-06-15 15:48:02'),(33,'2020-06-15 15:48:37'),(34,'2020-06-15 15:49:31'),(35,'2020-06-15 15:49:48'),(36,'2020-06-15 15:50:54'),(37,'2020-06-15 15:50:57'),(38,'2020-06-15 15:51:03'),(39,'2020-06-15 15:53:13'),(40,'2020-06-15 15:54:05'),(41,'2020-06-15 15:54:32'),(42,'2020-06-15 15:55:30'),(43,'2020-06-15 15:56:57'),(44,'2020-06-15 15:57:06'),(45,'2020-06-15 15:58:29'),(46,'2020-06-15 15:58:52'),(47,'2020-06-15 15:59:33'),(48,'2020-06-15 16:29:15'),(49,'2020-06-15 16:31:08'),(50,'2020-06-15 16:32:49');
/*!40000 ALTER TABLE `session` ENABLE KEYS */;
UNLOCK TABLES;
/*!40103 SET TIME_ZONE=@OLD_TIME_ZONE */;

/*!40101 SET SQL_MODE=@OLD_SQL_MODE */;
/*!40014 SET FOREIGN_KEY_CHECKS=@OLD_FOREIGN_KEY_CHECKS */;
/*!40014 SET UNIQUE_CHECKS=@OLD_UNIQUE_CHECKS */;
/*!40101 SET CHARACTER_SET_CLIENT=@OLD_CHARACTER_SET_CLIENT */;
/*!40101 SET CHARACTER_SET_RESULTS=@OLD_CHARACTER_SET_RESULTS */;
/*!40101 SET COLLATION_CONNECTION=@OLD_COLLATION_CONNECTION */;
/*!40111 SET SQL_NOTES=@OLD_SQL_NOTES */;

-- Dump completed on 2021-03-21 11:49:44
